SGA,Number of appearances as the best estimators,Rank of number of appearances as the best estimators
PIK3CA,184,1.0
PTEN,120,2.0
APC,116,3.0
TP53,115,4.0
AKT1,91,5.0
PIK3R1,76,6.0
LRP1B,67,7.0
GATA3,57,8.0
PHB,52,9.0
CSMD1,47,10.0
TTC7B,47,10.0
SYNE1,45,12.0
MAP3K1,44,13.0
TTN,42,14.0
RUNX1,41,15.0
CDKN2A,40,17.0
ZNF652,40,17.0
USP13,40,17.0
CHIC2,35,19.0
SLC43A2,34,20.0
ATAD1,34,20.0
PNMT,33,22.0
HUWE1,33,22.0
SRSF11,30,24.0
ARID1A,29,26.0
DHX40,29,26.0
CCPG1,29,26.0
YIPF6,29,26.0
NTHL1,28,30.0
CSMD3,28,30.0
POF1B,27,32.0
IL33,27,32.0
SLC24A1,26,34.0
AADACL4,26,34.0
PTRH2,25,35.0
FAM9A,24,38.0
RIDA,24,38.0
PPP1R1B,24,38.0
IDH1,24,38.0
CTNNB1,24,38.0
RBM14,24,38.0
EIF4EBP1,23,44.0
SLC16A8,23,44.0
MAP3K9,23,44.0
SDK2,23,44.0
GPRASP1,22,48.0
CD1C,22,48.0
PGAP3,22,48.0
PIWIL1,22,48.0
TBC1D3P1-DHX40P1,22,48.0
ILF3,21,54.0
SH3GL2,21,54.0
ATP2A3,21,54.0
TLK2,21,54.0
PIGA,21,54.0
LSM1,21,54.0
EXPH5,20,59.0
ABCA6,20,59.0
VLDLR,20,59.0
NOX5,20,59.0
CFAP43,20,59.0
GOLGA6L1,19,67.0
FAT1,19,67.0
MUC16,19,67.0
PNPLA2,19,67.0
OTOGL,19,67.0
HS6ST1,19,67.0
ATP2A1,19,67.0
ZBTB10,19,67.0
RIOX2,19,67.0
ZNF536,19,67.0
CDH1,19,67.0
CLEC11A,18,76.0
MIEN1,18,76.0
BAG4,18,76.0
GPRASP2,18,76.0
SMCR8,18,76.0
ECM2,18,76.0
ST8SIA6,18,76.0
MRE11,18,76.0
TNC,17,87.0
SHANK2,17,87.0
RNFT1,17,87.0
SPTBN2,17,87.0
SNAPC3,17,87.0
RIMS2,17,87.0
CDK12,17,87.0
RYR2,17,87.0
TBX3,17,87.0
BMP4,17,87.0
ATRX,17,87.0
DNAJC13,17,87.0
MAB21L3,17,87.0
ERBB2,16,98.0
ADCY8,16,98.0
CYP24A1,16,98.0
IL22RA2,16,98.0
OBSCN,16,98.0
MAN1C1,16,98.0
APOL3,16,98.0
PIP5K1C,16,98.0
RHBDF1,16,98.0
FCGBP,16,98.0
SRPX2,15,108.0
KRAS,15,108.0
SH2D3A,15,108.0
INPP4B,15,108.0
ITGAX,15,108.0
ADAMTS13,15,108.0
CCND1,15,108.0
PAPOLA,15,108.0
OLFML3,14,118.0
DNAAF3,14,118.0
CNTNAP3,14,118.0
GSPT2,14,118.0
RAD54B,14,118.0
CFL1P1,14,118.0
CCDC74A,14,118.0
DNAH5,14,118.0
F5,14,118.0
MAGI1,14,118.0
FLG,14,118.0
SYT8,14,118.0
TAS2R10,14,118.0
PHLDA3,14,118.0
DEAF1,13,138.0
TSC22D1,13,138.0
PJA1,13,138.0
DPY19L4,13,138.0
MUC4,13,138.0
NEUROD2,13,138.0
CHIT1,13,138.0
DSTYK,13,138.0
LRP4,13,138.0
MED23,13,138.0
FAM27E5,13,138.0
FAM234B,13,138.0
CPAMD8,13,138.0
SLC9A3R2,13,138.0
DPP3,13,138.0
FBLN5,13,138.0
SH2B1,13,138.0
IL18R1,13,138.0
ZBTB26,13,138.0
IFT46,13,138.0
DDHD2,13,138.0
ZFAND1,13,138.0
MYCBPAP,13,138.0
CRIPAK,13,138.0
PRDM4,13,138.0
SYT2,13,138.0
CD248,12,166.0
AMZ2,12,166.0
COL11A1,12,166.0
PNPLA7,12,166.0
LRRC43,12,166.0
JPH4,12,166.0
OPA1,12,166.0
PEX5L,12,166.0
OR4D2,12,166.0
PRM3,12,166.0
ZP4,12,166.0
SIN3A,12,166.0
ALDH3B1,12,166.0
OR4C3,12,166.0
MRGPRF,12,166.0
TNMD,12,166.0
TP63,12,166.0
ZNF717,12,166.0
SPTA1,12,166.0
TRIQK,12,166.0
PCLO,12,166.0
DNAH11,12,166.0
MED13,12,166.0
CNP,12,166.0
OR2AT4,12,166.0
ELAVL3,12,166.0
KIAA1551,12,166.0
SMG1,12,166.0
SDE2,12,166.0
YME1L1,11,197.0
ITPRIPL1,11,197.0
SSH3,11,197.0
CCBE1,11,197.0
PRKCI,11,197.0
RYR3,11,197.0
POU5F2,11,197.0
PRRX1,11,197.0
DCLK3,11,197.0
GLI3,11,197.0
SIK3,11,197.0
EMC1,11,197.0
MYO7A,11,197.0
ENO3,11,197.0
CX3CR1,11,197.0
LCE1B,11,197.0
HGF,11,197.0
VMP1,11,197.0
MED1,11,197.0
FREM3,11,197.0
ZNF639,11,197.0
ZNF841,11,197.0
CSNK2A2,11,197.0
USP10,11,197.0
ZFP28,11,197.0
NOP9,11,197.0
RNF112,11,197.0
DDHD1,11,197.0
ADRA2B,11,197.0
FADD,11,197.0
SYBU,11,197.0
MINDY2,11,197.0
PRKD1,11,197.0
MYEOV,10,236.0
SERPINA7,10,236.0
PIK3C2A,10,236.0
ZNF217,10,236.0
FGF19,10,236.0
POM121,10,236.0
RELN,10,236.0
NLGN1,10,236.0
PCDH11X,10,236.0
CSF3,10,236.0
EGFR,10,236.0
SPHKAP,10,236.0
USH2A,10,236.0
IL3RA,10,236.0
RBBP6,10,236.0
CCDC186,10,236.0
NUP58,10,236.0
RASGRF2,10,236.0
TNS3,10,236.0
ZNF518B,10,236.0
ADAMTS3,10,236.0
TMEM67,10,236.0
AHNAK2,10,236.0
GTDC1,10,236.0
GSTP1,10,236.0
ATXN2L,10,236.0
SLCO1B1,10,236.0
STAU2,10,236.0
C14orf37,10,236.0
TMEM225,10,236.0
KMT2D,10,236.0
KMT2C,10,236.0
MUC17,10,236.0
NOTCH3,10,236.0
SRRM2,10,236.0
NCR3LG1,10,236.0
TCHH,10,236.0
MAP2K4,10,236.0
ANKRD13D,10,236.0
PDE4DIP,10,236.0
CAST,10,236.0
SOX7,10,236.0
EPPK1,10,236.0
OR4F15,10,236.0
WWOX,10,236.0
TNRC18,9,290.0
FOCAD,9,290.0
NFASC,9,290.0
XKR9,9,290.0
ZFHX4,9,290.0
TMEM8A,9,290.0
DOCK5,9,290.0
SCYL2,9,290.0
PEX7,9,290.0
SIPA1L3,9,290.0
FRG1BP,9,290.0
TOX,9,290.0
EIF4G3,9,290.0
FAM135B,9,290.0
MEF2A,9,290.0
SEMA3C,9,290.0
BRIP1,9,290.0
ZFAT,9,290.0
PIK3CB,9,290.0
FGFR3,9,290.0
WSCD2,9,290.0
THBS1,9,290.0
CYP4X1,9,290.0
MAGEE2,9,290.0
C16orf62,9,290.0
TG,9,290.0
RBP2,9,290.0
MAP7D2,9,290.0
BAG3,9,290.0
KANK2,9,290.0
COL6A5,9,290.0
STAMBP,9,290.0
APOB,9,290.0
KDM5B,9,290.0
SPATS2,9,290.0
SMARCD2,9,290.0
RUNX1T1,9,290.0
SLITRK5,9,290.0
TYK2,9,290.0
LMTK2,9,290.0
KIAA1211,9,290.0
FSHB,9,290.0
ZNF554,9,290.0
ACVR2B,9,290.0
CLCN6,9,290.0
COQ6,9,290.0
ADAM9,9,290.0
ADAMTS16,9,290.0
LRP1,9,290.0
SLCO5A1,9,290.0
COIL,9,290.0
GRIPAP1,9,290.0
NOX3,9,290.0
LANCL2,9,290.0
SLC6A7,9,290.0
ZNF704,9,290.0
ANAPC13,9,290.0
NHSL2,9,290.0
AMPH,9,290.0
HEATR6,9,290.0
AGO2,9,290.0
NOS2,9,290.0
BAZ1B,8,362.0
DEFB129,8,362.0
CACNG3,8,362.0
PDGFRA,8,362.0
ROS1,8,362.0
SSC4D,8,362.0
MED24,8,362.0
HOOK1,8,362.0
F8,8,362.0
PDP1,8,362.0
ZFHX3,8,362.0
KRTAP10-9,8,362.0
MED12,8,362.0
L3HYPDH,8,362.0
SH3KBP1,8,362.0
SUZ12,8,362.0
MYO3A,8,362.0
HMCN1,8,362.0
SRGAP2,8,362.0
ZBTB8OS,8,362.0
MUC19,8,362.0
C4BPB,8,362.0
SDK1,8,362.0
IQSEC3,8,362.0
IRAK4,8,362.0
KCNJ2,8,362.0
ISM2,8,362.0
KCNH6,8,362.0
PCDH17,8,362.0
MRPS34,8,362.0
PBLD,8,362.0
PROKR2,8,362.0
DST,8,362.0
C1orf226,8,362.0
C1orf116,8,362.0
KDELC2,8,362.0
ZNF812P,8,362.0
TNXB,8,362.0
MKI67,8,362.0
CACNA1B,8,362.0
HSPA4,8,362.0
PPFIA4,8,362.0
ZBTB6,8,362.0
LAT2,8,362.0
PPP1R12B,8,362.0
PCNX2,8,362.0
MUM1L1,8,362.0
ADAMTS12,8,362.0
SMIM7,8,362.0
KIF5C,8,362.0
IFNA13,8,362.0
ACTL7A,8,362.0
DNAJB13,8,362.0
SMC5,8,362.0
C1orf141,8,362.0
THUMPD2,8,362.0
ATG13,8,362.0
NEIL1,8,362.0
NETO1,8,362.0
LRRC3C,8,362.0
TCEAL3,8,362.0
UBR4,8,362.0
UBE2NL,8,362.0
ANK1,8,362.0
LDHC,8,362.0
MAD2L1,8,362.0
MAGI2,8,362.0
TJP1,8,362.0
ANO1,8,362.0
ATAD2,8,362.0
NOTCH1,8,362.0
PITPNC1,8,362.0
GDF9,8,362.0
NOP2,8,362.0
SLC20A2,8,362.0
GALK2,8,362.0
RB1,8,362.0
OR8H1,8,362.0
FANK1,8,362.0
QSER1,8,362.0
OR51E1,8,362.0
LCP1,8,362.0
CPE,7,452.0
PCDH19,7,452.0
OTOG,7,452.0
BCAS3,7,452.0
KCNJ12,7,452.0
ADAMTSL4,7,452.0
ERCC2,7,452.0
GNL3L,7,452.0
PAK3,7,452.0
VSTM2A,7,452.0
ZNF483,7,452.0
MICAL3,7,452.0
OR8K1,7,452.0
OR51A2,7,452.0
TCF12,7,452.0
RYR1,7,452.0
CYB5R2,7,452.0
MUC5B,7,452.0
ABHD18,7,452.0
KEL,7,452.0
SNRPN,7,452.0
PLEC,7,452.0
OR1S1,7,452.0
PCDHB16,7,452.0
GAS2L3,7,452.0
MPO,7,452.0
DOCK11,7,452.0
IL1RAP,7,452.0
PCDHB6,7,452.0
IKZF3,7,452.0
AP2A1,7,452.0
CA2,7,452.0
ACTB,7,452.0
IGFBP7,7,452.0
TPD52,7,452.0
AP1G2,7,452.0
RNF5,7,452.0
EGFLAM,7,452.0
ZBTB24,7,452.0
UBE2T,7,452.0
PDE4D,7,452.0
IFNA8,7,452.0
CCIN,7,452.0
CLDN4,7,452.0
MRPL27,7,452.0
CCSER1,7,452.0
ZC3H7A,7,452.0
SLC7A3,7,452.0
ATF6,7,452.0
PELI3,7,452.0
DENND1B,7,452.0
DDIT4,7,452.0
C2CD3,7,452.0
JPH1,7,452.0
LDLRAP1,7,452.0
DAP3,7,452.0
SCN2A,7,452.0
KRTAP19-6,7,452.0
FAT3,7,452.0
COL19A1,7,452.0
STAC2,7,452.0
GPX7,7,452.0
GSX2,7,452.0
TMCO1,7,452.0
OR52N4,7,452.0
GRHL2,7,452.0
TLR3,7,452.0
RABEP1,7,452.0
SWT1,7,452.0
TLR5,7,452.0
DSG1,7,452.0
CAPZA1,7,452.0
CDH10,7,452.0
SLC46A2,7,452.0
KLHL8,7,452.0
ITPR1,7,452.0
SMARCA4,7,452.0
INPPL1,7,452.0
ZNF175,7,452.0
MYOM2,7,452.0
BAZ1A,7,452.0
FCHSD2,7,452.0
DEF8,7,452.0
CDH24,7,452.0
TCIRG1,7,452.0
LSM11,7,452.0
DDX58,7,452.0
BAIAP2,7,452.0
NKAIN3,7,452.0
GPR179,7,452.0
AATK,7,452.0
FA2H,7,452.0
MSL2,7,452.0
CMTR1,7,452.0
TIMMDC1,7,452.0
CNBD1,7,452.0
KBTBD12,7,452.0
CALN1,7,452.0
RBM12B-AS1,6,580.0
NFE2L1,6,580.0
C4orf3,6,580.0
CER1,6,580.0
RIMS1,6,580.0
MUC12,6,580.0
CTSD,6,580.0
CHRNA10,6,580.0
CTPS2,6,580.0
DSC3,6,580.0
CFLAR,6,580.0
CCDC3,6,580.0
OR5L2,6,580.0
CHMP4C,6,580.0
NBPF10,6,580.0
CELA1,6,580.0
CEBPB,6,580.0
RPL19,6,580.0
NRK,6,580.0
CDH12,6,580.0
DDX50,6,580.0
TRPS1,6,580.0
CDCA2,6,580.0
NR2F2,6,580.0
CAMSAP3,6,580.0
RCBTB2,6,580.0
OSGIN2,6,580.0
RPS3,6,580.0
COL1A1,6,580.0
CD44,6,580.0
DDB1,6,580.0
DCUN1D4,6,580.0
NBN,6,580.0
WIPI1,6,580.0
CYP4F3,6,580.0
TRPM4,6,580.0
RPA3,6,580.0
RSL1D1,6,580.0
RNF213,6,580.0
RHBDL3,6,580.0
DNAJC30,6,580.0
RNF43,6,580.0
DNAH7,6,580.0
NUDCD3,6,580.0
PALMD,6,580.0
RSF1,6,580.0
TSPYL6,6,580.0
TRIM74,6,580.0
DIAPH1,6,580.0
CLIC5,6,580.0
CLK2,6,580.0
CYP26B1,6,580.0
UBE3C,6,580.0
CYP2C19,6,580.0
DLGAP2,6,580.0
ZFP42,6,580.0
LRRC37BP1,6,580.0
FBXL12,6,580.0
HGSNAT,6,580.0
POP1,6,580.0
TGM1,6,580.0
FGFR1,6,580.0
PIK3C2B,6,580.0
ASB5,6,580.0
ZNF665,6,580.0
ASH2L,6,580.0
POTED,6,580.0
SIPA1L2,6,580.0
FBXW7,6,580.0
PHLDB1,6,580.0
HRNR,6,580.0
MARK1,6,580.0
RAE1,6,580.0
FAM86C2P,6,580.0
SHB,6,580.0
SHANK3,6,580.0
GOLGA3,6,580.0
FAM57B,6,580.0
HSPBP1,6,580.0
MCMBP,6,580.0
TMEM132D,6,580.0
ZFP64,6,580.0
MED15,6,580.0
ICOSLG,6,580.0
IFT140,6,580.0
B3GNT4,6,580.0
ZNF267,6,580.0
ARHGEF5,6,580.0
FLG2,6,580.0
HECTD1,6,580.0
ANKRD40,6,580.0
GPA33,6,580.0
LINC00845,6,580.0
GLIS1,6,580.0
ANKFN1,6,580.0
GLB1,6,580.0
TBC1D12,6,580.0
LHX1,6,580.0
SYTL3,6,580.0
SLC35B2,6,580.0
ZNF568,6,580.0
AP3B1,6,580.0
GGH,6,580.0
SVIL,6,580.0
GCC2,6,580.0
GRIP2,6,580.0
SUSD5,6,580.0
APOBR,6,580.0
LANCL1,6,580.0
LRP2,6,580.0
GSK3A,6,580.0
ARG1,6,580.0
FRMPD4,6,580.0
POM121C,6,580.0
TENM2,6,580.0
FOXA1,6,580.0
HEATR9,6,580.0
SPOP,6,580.0
GOLGA6L6,6,580.0
INTS4,6,580.0
ABCC5,6,580.0
RASGRP4,6,580.0
ACACA,6,580.0
PREX2,6,580.0
ABRAXAS2,6,580.0
ZBTB47,6,580.0
ENPP2,6,580.0
BLMH,6,580.0
BLOC1S2,6,580.0
MRC2,6,580.0
KDR,6,580.0
MIER1,6,580.0
KDM2A,6,580.0
MMP3,6,580.0
TOPBP1,6,580.0
BRPF1,6,580.0
TOE1,6,580.0
EML5,6,580.0
EMC7,6,580.0
ZNF862,6,580.0
ELP5,6,580.0
TPI1,6,580.0
SPAG7,6,580.0
TMEM63C,6,580.0
DUS3L,6,580.0
DUSP10,6,580.0
MTAP,6,580.0
TRAPPC9,6,580.0
RALB,6,580.0
ABCA13,6,580.0
IKZF1,6,580.0
PCDH15,6,580.0
ERICH3,6,580.0
IGFN1,6,580.0
ERCC6L,6,580.0
SETD2,6,580.0
SETDB2,6,580.0
EVPL,6,580.0
KSR1,5,774.0
SOCS4,5,774.0
UFSP2,5,774.0
TAF5L,5,774.0
HAP1,5,774.0
KCNN3,5,774.0
HCN4,5,774.0
LDLR,5,774.0
GRK4,5,774.0
ITSN1,5,774.0
KCNB2,5,774.0
KCNH1,5,774.0
ITGAD,5,774.0
KCNA4,5,774.0
COL6A3,5,774.0
LEO1,5,774.0
HDAC11,5,774.0
LARS2,5,774.0
KCNC2,5,774.0
SYK,5,774.0
COL7A1,5,774.0
USP32,5,774.0
KIF14,5,774.0
USP24,5,774.0
NYNRIN,5,774.0
UNC13D,5,774.0
SPDEF,5,774.0
RP1L1,5,774.0
HSF2,5,774.0
UNC93B1,5,774.0
SNRNP200,5,774.0
SNN,5,774.0
KLHL13,5,774.0
IHH,5,774.0
SMG7,5,774.0
CLEC10A,5,774.0
URI1,5,774.0
KIAA2026,5,774.0
SPTAN1,5,774.0
IGFALS,5,774.0
HS3ST1,5,774.0
SPATA4,5,774.0
HOMER1,5,774.0
HERC6,5,774.0
NR1H2,5,774.0
RPL36A,5,774.0
UHRF1BP1,5,774.0
SPAG9,5,774.0
CNGB3,5,774.0
CLCF1,5,774.0
NR5A2,5,774.0
HNRNPF,5,774.0
NUP98,5,774.0
KRT23,5,774.0
KEAP1,5,774.0
KPNB1,5,774.0
CMYA5,5,774.0
HMGXB4,5,774.0
SRGAP1,5,774.0
TRHDE,5,774.0
TANC2,5,774.0
GNAS,5,774.0
TMPRSS11D,5,774.0
EPOR,5,774.0
DHX37,5,774.0
TMEM74,5,774.0
MICAL2,5,774.0
DHRS13,5,774.0
DHCR7,5,774.0
ESPL1,5,774.0
ESR1,5,774.0
MYOT,5,774.0
EWSR1,5,774.0
TMEM40,5,774.0
EXOC8,5,774.0
FABP6,5,774.0
FAM120C,5,774.0
TRPM8,5,774.0
TMEM132B,5,774.0
SAP130,5,774.0
TMCO4,5,774.0
FAM47E-STBD1,5,774.0
MC4R,5,774.0
MYNN,5,774.0
MYH4,5,774.0
DMD,5,774.0
EIF3I,5,774.0
MTRF1L,5,774.0
DRGX,5,774.0
TPX2,5,774.0
E4F1,5,774.0
ECI2,5,774.0
EHMT1,5,774.0
SEC61G,5,774.0
EIF2B1,5,774.0
MUC20,5,774.0
ELF3,5,774.0
MYH11,5,774.0
TNS4,5,774.0
TNS2,5,774.0
SEMA5A,5,774.0
DNAH8,5,774.0
DNAH3,5,774.0
DNAH2,5,774.0
DNAH17,5,774.0
SERHL2,5,774.0
MMP16,5,774.0
SHISA9,5,774.0
FAM91A1,5,774.0
FAM92A,5,774.0
GGT6,5,774.0
DSG3,5,774.0
G6PC2,5,774.0
TCP10,5,774.0
GAL3ST3,5,774.0
LRFN2,5,774.0
NISCH,5,774.0
GAS2L2,5,774.0
SLC26A9,5,774.0
GET4,5,774.0
U2AF1,5,774.0
FSBP,5,774.0
RTL1,5,774.0
CR1,5,774.0
SLC2A8,5,774.0
TBC1D20,5,774.0
CPSF1,5,774.0
CPNE3,5,774.0
SLC35G5,5,774.0
LINC00674,5,774.0
LINC00578,5,774.0
NFKB2,5,774.0
LRRK1,5,774.0
NBPF12,5,774.0
NECTIN1,5,774.0
SAMD14,5,774.0
FBXL19,5,774.0
FBXL3,5,774.0
CYTH4,5,774.0
MAP4K4,5,774.0
NDUFB10,5,774.0
THSD7B,5,774.0
NEB,5,774.0
FEM1C,5,774.0
FGFR2,5,774.0
FRAS1,5,774.0
FKBP3,5,774.0
TTI1,5,774.0
SLC12A5,5,774.0
TFDP2,5,774.0
NEMF,5,774.0
TEX26,5,774.0
TEX14,5,774.0
CTSF,5,774.0
FPGT,5,774.0
RIPK2,5,774.0
SYT12,5,774.0
PAPPA2,5,774.0
AHR,5,774.0
YPEL2,5,774.0
PLXNA1,5,774.0
CBFB,5,774.0
CD300LG,5,774.0
CDH7,5,774.0
CDH9,5,774.0
CATSPERG,5,774.0
AEBP1,5,774.0
BCHE,5,774.0
POTEH,5,774.0
BBS9,5,774.0
ADGRV1,5,774.0
PBRM1,5,774.0
PLEKHG4B,5,774.0
XRRA1,5,774.0
ANK2,5,774.0
PPP1CA,5,774.0
ADAMTS17,5,774.0
PPP1R9A,5,774.0
PCDHA12,5,774.0
PLXNA4,5,774.0
PAMR1,5,774.0
BTG2,5,774.0
OR5D16,5,774.0
RALYL,5,774.0
ALPPL2,5,774.0
ALPK3,5,774.0
ALK,5,774.0
VNN1,5,774.0
ZBP1,5,774.0
ZNF598,5,774.0
BHLHE22,5,774.0
POLG,5,774.0
WDR6,5,774.0
AKNA,5,774.0
AKAP8L,5,774.0
VIRMA,5,774.0
ZADH2,5,774.0
PCDHB4,5,774.0
BDKRB1,5,774.0
ZNF521,5,774.0
PLXNB2,5,774.0
RGPD1,5,774.0
OR5I1,5,774.0
PPP3CA,5,774.0
WASHC2A,5,774.0
ACTL9,5,774.0
WDR11,5,774.0
CABP2,5,774.0
ATP2B4,5,774.0
PER3,5,774.0
ZNF823,5,774.0
PKHD1L1,5,774.0
PKHD1,5,774.0
ATP13A5,5,774.0
PUM1,5,774.0
P4HA1,5,774.0
CACNA1A,5,774.0
PRKDC,5,774.0
ZPBP2,5,774.0
ZRANB3,5,774.0
ATP10B,5,774.0
UTP18,5,774.0
PHLDB2,5,774.0
ACY3,5,774.0
CAPRIN1,5,774.0
ATXN1,5,774.0
ACYP1,5,774.0
ZFX,5,774.0
WDR13,5,774.0
PPP4C,5,774.0
CA12,5,774.0
ADAD1,5,774.0
SERPINC1,4,1060.0
MIPOL1,4,1060.0
SHROOM4,4,1060.0
MARK3,4,1060.0
RAD51C,4,1060.0
FASTKD1,4,1060.0
ZCCHC11,4,1060.0
RAB3GAP2,4,1060.0
TMEM189,4,1060.0
MED17,4,1060.0
RAB3GAP1,4,1060.0
ATG16L2,4,1060.0
ZNF142,4,1060.0
TMPRSS6,4,1060.0
FCGR2B,4,1060.0
PI15,4,1060.0
RANBP2,4,1060.0
MARCH8,4,1060.0
SGCZ,4,1060.0
EPN3,4,1060.0
BCLAF3,4,1060.0
TMEM64,4,1060.0
RALGAPA1,4,1060.0
ZC3H13,4,1060.0
TMEM119,4,1060.0
TMEM106C,4,1060.0
PDE8A,4,1060.0
SETDB1,4,1060.0
MICU1,4,1060.0
MFNG,4,1060.0
ATP13A4,4,1060.0
FAM78B,4,1060.0
SHISA6,4,1060.0
BCOR,4,1060.0
ZDBF2,4,1060.0
SETD1B,4,1060.0
PDXDC1,4,1060.0
B3GALT1,4,1060.0
TMEM201,4,1060.0
USP9X,4,1060.0
SEC63,4,1060.0
ENDOU,4,1060.0
DIEXF,4,1060.0
PAPD4,4,1060.0
MYBL1,4,1060.0
C8orf76,4,1060.0
C9orf72,4,1060.0
CA10,4,1060.0
CA4,4,1060.0
MYH13,4,1060.0
SCFD1,4,1060.0
DMBT1,4,1060.0
MYLK3,4,1060.0
DLG5,4,1060.0
TRIML1,4,1060.0
MYO18A,4,1060.0
SCAF4,4,1060.0
DIDO1,4,1060.0
C5orf42,4,1060.0
DICER1,4,1060.0
CACNA1E,4,1060.0
DHRS4L2,4,1060.0
MYO5B,4,1060.0
TRMT2A,4,1060.0
TRMT2B,4,1060.0
MYO9B,4,1060.0
DEFB4B,4,1060.0
TRPA1,4,1060.0
NAA30,4,1060.0
NAALADL2,4,1060.0
OXSM,4,1060.0
NACAD,4,1060.0
CALCA,4,1060.0
DNM2,4,1060.0
DOCK3,4,1060.0
ZBTB32,4,1060.0
C17orf112,4,1060.0
BMP7,4,1060.0
SEPT14,4,1060.0
EMC2,4,1060.0
TNR,4,1060.0
BRAF,4,1060.0
BRCA2,4,1060.0
EIF4G1,4,1060.0
BRWD3,4,1060.0
FER1L6,4,1060.0
TP53INP1,4,1060.0
BTRC,4,1060.0
EFS,4,1060.0
EEF1AKMT3,4,1060.0
MRPS28,4,1060.0
MSC,4,1060.0
DOK5,4,1060.0
DYRK1A,4,1060.0
C17orf53,4,1060.0
DUSP3,4,1060.0
SCUBE3,4,1060.0
SCRIB,4,1060.0
MTHFD2L,4,1060.0
MTMR4,4,1060.0
MTMR8,4,1060.0
DTX1,4,1060.0
MTSS1,4,1060.0
SCN8A,4,1060.0
DSCAM,4,1060.0
XPO6,4,1060.0
DOPEY1,4,1060.0
RAB11B,4,1060.0
ZNF286A,4,1060.0
FETUB,4,1060.0
PSMC6,4,1060.0
POU2AF1,4,1060.0
HOXB3,4,1060.0
SRSF6,4,1060.0
ADGRF3,4,1060.0
PPAN,4,1060.0
ADGRE3,4,1060.0
PPARG,4,1060.0
ADH4,4,1060.0
ADCY9,4,1060.0
PSMA8,4,1060.0
HSPG2,4,1060.0
KLHL10,4,1060.0
PPOX,4,1060.0
SMG5,4,1060.0
SSX1,4,1060.0
ADH7,4,1060.0
ICE1,4,1060.0
AGAP2,4,1060.0
AHSA1,4,1060.0
KRTAP3-2,4,1060.0
AHNAK,4,1060.0
ZNF641,4,1060.0
KRT71,4,1060.0
SLCO4C1,4,1060.0
STK3,4,1060.0
PSMD3,4,1060.0
KRT28,4,1060.0
ZNF648,4,1060.0
STAR,4,1060.0
AFF3,4,1060.0
SLITRK2,4,1060.0
KRT1,4,1060.0
KL,4,1060.0
KIF5A,4,1060.0
HCN1,4,1060.0
KCMF1,4,1060.0
PRPF8,4,1060.0
SPAG17,4,1060.0
ITGA3,4,1060.0
ABCB11,4,1060.0
PRLHR,4,1060.0
ITIH1,4,1060.0
ITPR2,4,1060.0
INPP5B,4,1060.0
IZUMO3,4,1060.0
PRMT8,4,1060.0
JKAMP,4,1060.0
PRND,4,1060.0
PROM2,4,1060.0
JUP,4,1060.0
SPAST,4,1060.0
KHDRBS3,4,1060.0
IDE,4,1060.0
KIAA1324,4,1060.0
KIF2B,4,1060.0
KIF2A,4,1060.0
SMPD3,4,1060.0
IFNW1,4,1060.0
KIF1A,4,1060.0
ZNF804A,4,1060.0
KIAA1210,4,1060.0
SNRPB,4,1060.0
ACOT9,4,1060.0
IL1R2,4,1060.0
PRDM15,4,1060.0
KIAA0319,4,1060.0
SPCS3,4,1060.0
ACAN,4,1060.0
POLR2J4,4,1060.0
HCFC1,4,1060.0
MAP1LC3B,4,1060.0
LRP5,4,1060.0
PXDNL,4,1060.0
SLC1A6,4,1060.0
FTHL17,4,1060.0
LRRC31,4,1060.0
PLAA,4,1060.0
LRRC15,4,1060.0
ZNF394,4,1060.0
WSB1,4,1060.0
LRP12,4,1060.0
GALT,4,1060.0
TBX4,4,1060.0
APC2,4,1060.0
TBX18,4,1060.0
SLC25A36,4,1060.0
SLC1A2,4,1060.0
FREM2,4,1060.0
GFI1,4,1060.0
ARID4B,4,1060.0
ASAP2,4,1060.0
SLC10A2,4,1060.0
FGF9,4,1060.0
ARMC5,4,1060.0
TGS1,4,1060.0
MAGEB4,4,1060.0
PITPNM1,4,1060.0
TENM3,4,1060.0
FLT4,4,1060.0
MACF1,4,1060.0
FNDC3B,4,1060.0
LY75,4,1060.0
FOXG1,4,1060.0
TENM4,4,1060.0
TBL3,4,1060.0
LNX1,4,1060.0
HAUS4,4,1060.0
SYNE2,4,1060.0
PTK2,4,1060.0
TAAR1,4,1060.0
AMPD3,4,1060.0
AMDHD2,4,1060.0
AMDHD1,4,1060.0
SYNGAP1,4,1060.0
PTDSS1,4,1060.0
TACC2,4,1060.0
POLE,4,1060.0
GRK2,4,1060.0
LAMA3,4,1060.0
LAD1,4,1060.0
PTCD3,4,1060.0
STX19,4,1060.0
SLC41A1,4,1060.0
LHX8,4,1060.0
AP4E1,4,1060.0
GLRX2,4,1060.0
LMOD1,4,1060.0
PTPRM,4,1060.0
TBC1D2B,4,1060.0
ZNF467,4,1060.0
SLC35G6,4,1060.0
PLPP5,4,1060.0
ANKRD35,4,1060.0
TAF1L,4,1060.0
GNAT3,4,1060.0
SLC39A11,4,1060.0
ANKRD11,4,1060.0
GOLIM4,4,1060.0
TAF4B,4,1060.0
TAF4,4,1060.0
RBPJL,4,1060.0
PFKP,4,1060.0
CDC42BPA,4,1060.0
RFC3,4,1060.0
VEZF1,4,1060.0
CCDC175,4,1060.0
COQ9,4,1060.0
CCDC178,4,1060.0
CDHR2,4,1060.0
NDUFV1,4,1060.0
CYP2W1,4,1060.0
CLDN17,4,1060.0
NDUFB5,4,1060.0
CLDN16,4,1060.0
VRTN,4,1060.0
RHBDD2,4,1060.0
CDK18,4,1060.0
OR4S2,4,1060.0
WDR17,4,1060.0
RXFP3,4,1060.0
CDK4,4,1060.0
CYTH2,4,1060.0
TWNK,4,1060.0
VSTM2B,4,1060.0
TSHZ3,4,1060.0
ORMDL3,4,1060.0
NOMO1,4,1060.0
CHST6,4,1060.0
CEBPD,4,1060.0
CCL24,4,1060.0
OR14A16,4,1060.0
NIPBL,4,1060.0
NCOA2,4,1060.0
NOS1AP,4,1060.0
CD19,4,1060.0
CCKAR,4,1060.0
CDH4,4,1060.0
COBL,4,1060.0
UGT2B28,4,1060.0
NPAS4,4,1060.0
UGGT2,4,1060.0
NEK8,4,1060.0
NPHP4,4,1060.0
OR5T1,4,1060.0
VPS13B,4,1060.0
UGDH,4,1060.0
OR4C13,4,1060.0
RGS22,4,1060.0
CDC6,4,1060.0
CNGA4,4,1060.0
NEXMIF,4,1060.0
COL22A1,4,1060.0
OR7D2,4,1060.0
NEXN,4,1060.0
OR4C46,4,1060.0
TUBD1,4,1060.0
CCDC157,4,1060.0
CTNNA1,4,1060.0
CDH17,4,1060.0
CCDC158,4,1060.0
CDH18,4,1060.0
VPS4B,4,1060.0
NSD1,4,1060.0
CBLN2,4,1060.0
RPTOR,4,1060.0
NOS3,4,1060.0
USP22,4,1060.0
NDUFAF6,4,1060.0
RPS6KB2,4,1060.0
RSPH10B,4,1060.0
CEP78,4,1060.0
DCDC2,4,1060.0
SAMM50,4,1060.0
RNF114,4,1060.0
OTUD7B,4,1060.0
CPXM2,4,1060.0
NAV2,4,1060.0
RNASEH1,4,1060.0
ODF1,4,1060.0
CREB3,4,1060.0
CFAP69,4,1060.0
WNK2,4,1060.0
NALCN,4,1060.0
OSBP,4,1060.0
SAMD7,4,1060.0
CCDC60,4,1060.0
USPL1,4,1060.0
CCDC87,4,1060.0
WAS,4,1060.0
SIRPG,3,1508.0
SIRT6,3,1508.0
VPS45,3,1508.0
GIMAP4,3,1508.0
COL6A6,3,1508.0
GIP,3,1508.0
LIPE,3,1508.0
PIGR,3,1508.0
NMRK2,3,1508.0
FGD3,3,1508.0
PTPRQ,3,1508.0
GID8,3,1508.0
VPS50,3,1508.0
CCDC88A,3,1508.0
NOBOX,3,1508.0
CR2,3,1508.0
GDF6,3,1508.0
APBA2,3,1508.0
GDPD4,3,1508.0
AP5Z1,3,1508.0
SLC29A2,3,1508.0
PLEKHN1,3,1508.0
MAML3,3,1508.0
ZNF213,3,1508.0
PIK3AP1,3,1508.0
GGN,3,1508.0
PTPRD,3,1508.0
RSPO2,3,1508.0
TBC1D3P5,3,1508.0
GJD3,3,1508.0
SLC37A1,3,1508.0
PTPRC,3,1508.0
TAF3,3,1508.0
COL15A1,3,1508.0
LILRA6,3,1508.0
LIG4,3,1508.0
COL14A1,3,1508.0
PLXNB3,3,1508.0
OR4A15,3,1508.0
ASPM,3,1508.0
ZNF528,3,1508.0
NOVA1,3,1508.0
PHOX2B,3,1508.0
CREB5,3,1508.0
TIGAR,3,1508.0
GPATCH2,3,1508.0
NPBWR1,3,1508.0
TACC1,3,1508.0
ASTN2,3,1508.0
MAP3K13,3,1508.0
GNPAT,3,1508.0
TAOK3,3,1508.0
GNGT2,3,1508.0
COL5A1,3,1508.0
RAB21,3,1508.0
ASAP1,3,1508.0
GLIPR2,3,1508.0
LINC00898,3,1508.0
COL4A6,3,1508.0
GLT6D1,3,1508.0
TAS2R13,3,1508.0
ZNF500,3,1508.0
ZNF510,3,1508.0
ASL,3,1508.0
U2SURP,3,1508.0
GNB4,3,1508.0
PHYKPL,3,1508.0
FCRL3,3,1508.0
TBX10,3,1508.0
TEX2,3,1508.0
THAP5,3,1508.0
MAFF,3,1508.0
VWA3B,3,1508.0
FLVCR2,3,1508.0
UBE2W,3,1508.0
LSG1,3,1508.0
VWA5B2,3,1508.0
ARHGAP25,3,1508.0
PKD1,3,1508.0
LRSAM1,3,1508.0
FLYWCH1,3,1508.0
FLNC,3,1508.0
FRMD6,3,1508.0
PKNOX1,3,1508.0
FRY,3,1508.0
TEKT4,3,1508.0
SLC12A9,3,1508.0
PIWIL2,3,1508.0
PKD2L1,3,1508.0
ARHGAP45,3,1508.0
THAP12,3,1508.0
LYRM9,3,1508.0
FNDC3A,3,1508.0
PKD1L1,3,1508.0
LYZL1,3,1508.0
FNTA,3,1508.0
ARHGEF10,3,1508.0
TET2,3,1508.0
ARHGEF16,3,1508.0
ARHGAP9,3,1508.0
SLC18A1,3,1508.0
NOL12,3,1508.0
TEX35,3,1508.0
ARHGAP6,3,1508.0
LUC7L3,3,1508.0
CPQ,3,1508.0
CPPED1,3,1508.0
FOXN3,3,1508.0
ZNF30,3,1508.0
NACAP1,3,1508.0
LRRIQ1,3,1508.0
GAL3ST4,3,1508.0
PLAT,3,1508.0
PIP4P2,3,1508.0
TCEAL6,3,1508.0
APPBP2,3,1508.0
FIP1L1,3,1508.0
UBR5,3,1508.0
GAL3ST1,3,1508.0
APOBEC2,3,1508.0
ZNF268,3,1508.0
LRIG3,3,1508.0
PLD5,3,1508.0
UBTF,3,1508.0
LZTR1,3,1508.0
GATB,3,1508.0
GBP4,3,1508.0
GBP7,3,1508.0
LRP3,3,1508.0
GABRG1,3,1508.0
CORO1B,3,1508.0
OR51F2,3,1508.0
ZNF317,3,1508.0
LRRC74A,3,1508.0
LRRC42,3,1508.0
UGT2B15,3,1508.0
FXR2,3,1508.0
UBE2O,3,1508.0
TDRD6,3,1508.0
TDRD1,3,1508.0
ARFGEF2,3,1508.0
LRRC37A3,3,1508.0
PLA2G6,3,1508.0
OR4N2,3,1508.0
FKBP8,3,1508.0
GABRA4,3,1508.0
ARID5B,3,1508.0
PLEKHA7,3,1508.0
DDX5,3,1508.0
SLC44A2,3,1508.0
SNAI2,3,1508.0
CENPE,3,1508.0
CENPI,3,1508.0
ZNF780A,3,1508.0
PPP4R3B,3,1508.0
IGF2BP1,3,1508.0
PPP6R3,3,1508.0
USP21,3,1508.0
IGFBP4,3,1508.0
ACTG1,3,1508.0
KIAA1549,3,1508.0
KIAA0368,3,1508.0
IGSF8,3,1508.0
ACSM2B,3,1508.0
PRCP,3,1508.0
SPIB,3,1508.0
ACPP,3,1508.0
SPG11,3,1508.0
OR10R2,3,1508.0
IL18BP,3,1508.0
IL18RAP,3,1508.0
IFNK,3,1508.0
CHRNA9,3,1508.0
IFNA6,3,1508.0
RICTOR,3,1508.0
SMARCAL1,3,1508.0
PPARGC1A,3,1508.0
PPBP,3,1508.0
PPFIA2,3,1508.0
HSPA8,3,1508.0
NUF2,3,1508.0
HSPBAP1,3,1508.0
PSEN2,3,1508.0
HTR1E,3,1508.0
NUP107,3,1508.0
SRCAP,3,1508.0
HTRA4,3,1508.0
VCP,3,1508.0
KLC2,3,1508.0
CIB2,3,1508.0
RNF26,3,1508.0
ZNF777,3,1508.0
IFITM3,3,1508.0
CHST2,3,1508.0
PRDM8,3,1508.0
ACE,3,1508.0
OR2G6,3,1508.0
KCNA5,3,1508.0
USP34,3,1508.0
CHD2,3,1508.0
ITGAM,3,1508.0
PRKN,3,1508.0
SNX9,3,1508.0
CHAD,3,1508.0
ITGB6,3,1508.0
KCNB1,3,1508.0
OR10J3,3,1508.0
ABCA5,3,1508.0
CEP128,3,1508.0
CFTR,3,1508.0
KBTBD2,3,1508.0
ABCA12,3,1508.0
ABCA10,3,1508.0
OPLAH,3,1508.0
JCAD,3,1508.0
KAT6A,3,1508.0
OR10A4,3,1508.0
KANSL1L,3,1508.0
ITGA1,3,1508.0
ABCB7,3,1508.0
CHD4,3,1508.0
ABCC10,3,1508.0
PRDM9,3,1508.0
ACAP2,3,1508.0
OR10P1,3,1508.0
SPC25,3,1508.0
ACADVL,3,1508.0
ACACB,3,1508.0
ZNF831,3,1508.0
PRF1,3,1508.0
ABI1,3,1508.0
ABHD4,3,1508.0
ZNF846,3,1508.0
INTS2,3,1508.0
INTS8,3,1508.0
KCTD3,3,1508.0
CHD8,3,1508.0
KCNS2,3,1508.0
CHD6,3,1508.0
KCNK7,3,1508.0
KCNJ16,3,1508.0
KLHL35,3,1508.0
RNLS,3,1508.0
SYTL2,3,1508.0
SUDS3,3,1508.0
SLC4A4,3,1508.0
AKR1C8P,3,1508.0
GRN,3,1508.0
AKAP9,3,1508.0
RPL30,3,1508.0
LAMB3,3,1508.0
AKAP6,3,1508.0
AKAP3,3,1508.0
LAMA5,3,1508.0
SLC6A19,3,1508.0
AK9,3,1508.0
CMTR2,3,1508.0
LACTB2,3,1508.0
GTPBP2,3,1508.0
AKAP13,3,1508.0
L3MBTL1,3,1508.0
GUCY1B3,3,1508.0
ZNF619,3,1508.0
STX7,3,1508.0
H3F3A,3,1508.0
POLN,3,1508.0
SVEP1,3,1508.0
ZNF610,3,1508.0
CNGA2,3,1508.0
PNCK,3,1508.0
SYT4,3,1508.0
LENG9,3,1508.0
PNMA1,3,1508.0
AMBRA1,3,1508.0
SYNGR3,3,1508.0
CD99,3,1508.0
NPW,3,1508.0
OR2T35,3,1508.0
LCT,3,1508.0
CNTN2,3,1508.0
GRB10,3,1508.0
GRB2,3,1508.0
SLC4A11,3,1508.0
POC1B-GALNT4,3,1508.0
GRID2IP,3,1508.0
FBXO33,3,1508.0
GRIN2D,3,1508.0
GRIP1,3,1508.0
HAL,3,1508.0
KRTAP5-9,3,1508.0
ZNF700,3,1508.0
RHBDD1,3,1508.0
STAG3L1,3,1508.0
CLEC18B,3,1508.0
SLITRK3,3,1508.0
NTRK3,3,1508.0
NUAK1,3,1508.0
ADPRHL1,3,1508.0
SLMAP,3,1508.0
ST6GAL1,3,1508.0
HNF1B,3,1508.0
SLX4,3,1508.0
CLVS2,3,1508.0
ADH1C,3,1508.0
HORMAD1,3,1508.0
SMAD3,3,1508.0
KLRD1,3,1508.0
CLDN11,3,1508.0
KLRC4,3,1508.0
PSMD12,3,1508.0
KLK2,3,1508.0
SRRT,3,1508.0
HIVEP1,3,1508.0
STAM,3,1508.0
NTN3,3,1508.0
UNCX,3,1508.0
CLVS1,3,1508.0
CDH22,3,1508.0
NRXN1,3,1508.0
CDH26,3,1508.0
HDLBP,3,1508.0
NSD3,3,1508.0
HEATR5A,3,1508.0
CDH3,3,1508.0
ZNF644,3,1508.0
HECTD4,3,1508.0
HECW1,3,1508.0
AGBL1,3,1508.0
ROGDI,3,1508.0
HEY1,3,1508.0
KRT39,3,1508.0
CLN5,3,1508.0
STAU1,3,1508.0
HIST1H1E,3,1508.0
HIST1H2BB,3,1508.0
RAB26,3,1508.0
NCOR1,3,1508.0
TTC39B,3,1508.0
TMEM97,3,1508.0
DNAJB5,3,1508.0
CTSE,3,1508.0
NF1,3,1508.0
C8orf59,3,1508.0
XIRP2,3,1508.0
EPRS,3,1508.0
DNAH14,3,1508.0
DLC1,3,1508.0
CTNNA2,3,1508.0
PDCD6IP,3,1508.0
BCL11A,3,1508.0
DNAH10,3,1508.0
DNAH1,3,1508.0
TMEM86A,3,1508.0
TMPRSS5,3,1508.0
SOCS6,3,1508.0
CASC1,3,1508.0
MIR31HG,3,1508.0
MYADML2,3,1508.0
C7orf26,3,1508.0
PCNT,3,1508.0
MLC1,3,1508.0
TNFRSF13B,3,1508.0
MLLT3,3,1508.0
MLLT6,3,1508.0
CTSV,3,1508.0
MMP14,3,1508.0
CTTN,3,1508.0
PAPD7,3,1508.0
XKR7,3,1508.0
DOCK4,3,1508.0
NCALD,3,1508.0
MICALL2,3,1508.0
NFATC1,3,1508.0
ZCCHC3,3,1508.0
DLG1,3,1508.0
BAIAP2L2,3,1508.0
MYO16,3,1508.0
CARMIL1,3,1508.0
EXOC2,3,1508.0
TRIM73,3,1508.0
PACS1,3,1508.0
SEZ6,3,1508.0
DLL1,3,1508.0
SCAP,3,1508.0
RAG1,3,1508.0
DCHS1,3,1508.0
MGAM,3,1508.0
RAI1,3,1508.0
SETMAR,3,1508.0
ERLEC1,3,1508.0
BATF3,3,1508.0
ETAA1,3,1508.0
CTCF,3,1508.0
DCDC1,3,1508.0
PAK1,3,1508.0
ESRP1,3,1508.0
ZC3HAV1,3,1508.0
TMEM70,3,1508.0
MIA3,3,1508.0
MYCN,3,1508.0
OS9,3,1508.0
TRIM51,3,1508.0
ERVMER34-1,3,1508.0
CTGF,3,1508.0
XKRX,3,1508.0
EME1,3,1508.0
DOCK7,3,1508.0
DUSP6,3,1508.0
EIF1,3,1508.0
RASIP1,3,1508.0
NEFM,3,1508.0
NDUFB7,3,1508.0
EGR3,3,1508.0
BUD23,3,1508.0
EGLN3,3,1508.0
BYSL,3,1508.0
C17orf97,3,1508.0
C11orf24,3,1508.0
EGFEM1P,3,1508.0
EFR3A,3,1508.0
MROH5,3,1508.0
EFNA3,3,1508.0
EFCAB5,3,1508.0
TTC39A,3,1508.0
C11orf58,3,1508.0
PCDHA3,3,1508.0
NEDD4,3,1508.0
MRPL47,3,1508.0
MRPL48,3,1508.0
CYP21A2,3,1508.0
TTC14,3,1508.0
EDIL3,3,1508.0
CBL,3,1508.0
C16orf58,3,1508.0
C16orf96,3,1508.0
DYRK1B,3,1508.0
MSH2,3,1508.0
DYTN,3,1508.0
PCDHA9,3,1508.0
PBX1,3,1508.0
ZBTB18,3,1508.0
ZAN,3,1508.0
WDR81,3,1508.0
MUC2,3,1508.0
WDR49,3,1508.0
DPY19L2,3,1508.0
XPO1,3,1508.0
C4orf17,3,1508.0
BPTF,3,1508.0
DRC1,3,1508.0
RAPGEFL1,3,1508.0
REM1,3,1508.0
BRD1,3,1508.0
C3orf67,3,1508.0
TOB1,3,1508.0
XPR1,3,1508.0
BRINP2,3,1508.0
EIF2AK3,3,1508.0
C1orf198,3,1508.0
CYP7B1,3,1508.0
XXYLT1,3,1508.0
TSPAN31,3,1508.0
EIF5,3,1508.0
CASKIN1,3,1508.0
C1QB,3,1508.0
BSCL2,3,1508.0
BTBD8,3,1508.0
TP53I13,3,1508.0
C19orf44,3,1508.0
MTOR,3,1508.0
MTMR12,3,1508.0
BTD,3,1508.0
METTL27,3,1508.0
SDCBP,3,1508.0
TLN1,3,1508.0
OR52B4,3,1508.0
CRNKL1,3,1508.0
TYR,3,1508.0
P2RY6,3,1508.0
CACNA2D1,3,1508.0
MYO5A,3,1508.0
SH2D4B,3,1508.0
TLR4,3,1508.0
FARP1,3,1508.0
ATM,3,1508.0
ATP9A,3,1508.0
MARK2,3,1508.0
FAM19A2,3,1508.0
CACNG5,3,1508.0
ATPAF2,3,1508.0
FAM196A,3,1508.0
CACNB3,3,1508.0
PGS1,3,1508.0
ATR,3,1508.0
PHACTR3,3,1508.0
NID2,3,1508.0
MARCH9,3,1508.0
TRMT1,3,1508.0
ZFPM2,3,1508.0
NMBR,3,1508.0
ATP8A2,3,1508.0
PEX2,3,1508.0
AVPR2,3,1508.0
SI,3,1508.0
ATP1A2,3,1508.0
DGKB,3,1508.0
CRYBA1,3,1508.0
MYO9A,3,1508.0
NLK,3,1508.0
ZIC1,3,1508.0
ATP2B3,3,1508.0
ZKSCAN2,3,1508.0
CCDC39,3,1508.0
FAM72C,3,1508.0
WWC2,3,1508.0
SCAF8,3,1508.0
SH3PXD2A,3,1508.0
FAM71E2,3,1508.0
MCC,3,1508.0
TMC4,3,1508.0
MYO6,3,1508.0
MCCC1,3,1508.0
MATN4,3,1508.0
WTAP,3,1508.0
MCF2L2,3,1508.0
DDX1,3,1508.0
RCE1,3,1508.0
PFKFB1,3,1508.0
RAD21,3,1508.0
DEPTOR,3,1508.0
CSPP1,3,1508.0
TRPV3,3,1508.0
CCDC181,3,1508.0
CAPN11,3,1508.0
B4GALT4,3,1508.0
SIM1,3,1508.0
CACNA1C,3,1508.0
FBXL20,3,1508.0
ZMIZ1,3,1508.0
ZMAT4,3,1508.0
MAPT,3,1508.0
RAB38,3,1508.0
AZIN1,3,1508.0
FAM122C,3,1508.0
NGDN,3,1508.0
CAD,3,1508.0
NAV1,3,1508.0
TRPM6,3,1508.0
TRPC5,3,1508.0
FBL,3,1508.0
DISC1,3,1508.0
TJP3,3,1508.0
PDS5B,3,1508.0
A2ML1,3,1508.0
PAWR,2,2311.0
KARS,2,2311.0
MSH3,2,2311.0
KLK11,2,2311.0
POU5F1B,2,2311.0
KRT19,2,2311.0
OR2L3,2,2311.0
SCYL3,2,2311.0
SMARCA1,2,2311.0
OR8H2,2,2311.0
MSH4,2,2311.0
SLK,2,2311.0
NSUN7,2,2311.0
KRT3,2,2311.0
KRT33A,2,2311.0
SMARCC2,2,2311.0
RBM10,2,2311.0
RBL1,2,2311.0
SLFN12L,2,2311.0
NECAB1,2,2311.0
OVCH1,2,2311.0
PARP12,2,2311.0
NADSYN1,2,2311.0
KLHL6,2,2311.0
OR2M5,2,2311.0
MYOG,2,2311.0
KLHL7,2,2311.0
KANSL3,2,2311.0
KRT24,2,2311.0
KLK8,2,2311.0
RBSN,2,2311.0
PBK,2,2311.0
NTRK1,2,2311.0
KRT12,2,2311.0
POTEM,2,2311.0
KAT6B,2,2311.0
POTEA,2,2311.0
SASH1,2,2311.0
SAT1,2,2311.0
PRMT7,2,2311.0
PC,2,2311.0
POTEC,2,2311.0
PBXIP1,2,2311.0
RMDN1,2,2311.0
MTERF1,2,2311.0
KAT8,2,2311.0
SLTM,2,2311.0
MSTO1,2,2311.0
S1PR5,2,2311.0
OR2L8,2,2311.0
MYPOP,2,2311.0
NUCB1,2,2311.0
MST1,2,2311.0
KCNA1,2,2311.0
KLLN,2,2311.0
KLRC1,2,2311.0
KRT18P55,2,2311.0
POTEJ,2,2311.0
POU2F1,2,2311.0
ROBO1,2,2311.0
OPN5,2,2311.0
RC3H1,2,2311.0
RECQL,2,2311.0
OR9I1,2,2311.0
PRLR,2,2311.0
MTM1,2,2311.0
OR9G1,2,2311.0
KMO,2,2311.0
OTOP2,2,2311.0
PAPOLG,2,2311.0
KLHL25,2,2311.0
P3H4,2,2311.0
PRDM13,2,2311.0
KCTD15,2,2311.0
KCNT2,2,2311.0
KIAA1191,2,2311.0
SAMD4A,2,2311.0
SCGN,2,2311.0
OTUD6A,2,2311.0
SNX13,2,2311.0
PRRC2C,2,2311.0
KCNQ4,2,2311.0
PRKCA,2,2311.0
PRCC,2,2311.0
OR11L1,2,2311.0
OR10K1,2,2311.0
PRPF6,2,2311.0
KCNQ3,2,2311.0
SNAP47,2,2311.0
PSMD6,2,2311.0
PRKCE,2,2311.0
PRSS35,2,2311.0
KIAA1755,2,2311.0
PALB2,2,2311.0
PRPF3,2,2311.0
MYO1E,2,2311.0
OR10Q1,2,2311.0
PAGE1,2,2311.0
NAV3,2,2311.0
PREX1,2,2311.0
PRR16,2,2311.0
SNTG1,2,2311.0
OSTN,2,2311.0
SNRPE,2,2311.0
PRG4,2,2311.0
RNF111,2,2311.0
OR10K2,2,2311.0
OLFML2B,2,2311.0
RBM7,2,2311.0
PRR14,2,2311.0
PRRC2A,2,2311.0
KDM5A,2,2311.0
SNRNP27,2,2311.0
KDM3B,2,2311.0
KDM3A,2,2311.0
PAG1,2,2311.0
OCIAD2,2,2311.0
KIAA0907,2,2311.0
SAMHD1,2,2311.0
PRKAR1A,2,2311.0
KCTD5,2,2311.0
KCNMB3,2,2311.0
PQBP1,2,2311.0
RMI1,2,2311.0
SALL1,2,2311.0
SNX6,2,2311.0
PRKG1,2,2311.0
RHOBTB1,2,2311.0
PPP2R1A,2,2311.0
NUP214,2,2311.0
PSD2,2,2311.0
KIFC1,2,2311.0
NUP210L,2,2311.0
OR2G3,2,2311.0
RNF31,2,2311.0
PSD4,2,2311.0
SAA2,2,2311.0
SMCO1,2,2311.0
NAPRT,2,2311.0
KCNG4,2,2311.0
PPM1D,2,2311.0
PPM1B,2,2311.0
KCNG1,2,2311.0
NDUFAB1,2,2311.0
SMC4,2,2311.0
RNF7,2,2311.0
OR10J5,2,2311.0
KLHL20,2,2311.0
RHPN2,2,2311.0
MUC6,2,2311.0
PRSS54,2,2311.0
SBSPON,2,2311.0
SNX2,2,2311.0
SMURF2,2,2311.0
PAM,2,2311.0
SACS,2,2311.0
MYC,2,2311.0
SMURF1,2,2311.0
MYBPH,2,2311.0
RNF169,2,2311.0
PANK4,2,2311.0
PRKCQ,2,2311.0
SMTN,2,2311.0
RBM38,2,2311.0
MYBL2,2,2311.0
KIF26B,2,2311.0
KCNJ15,2,2311.0
OR14C36,2,2311.0
MXRA5,2,2311.0
KIF4A,2,2311.0
KCNH8,2,2311.0
P3H2,2,2311.0
SAC3D1,2,2311.0
KIF4B,2,2311.0
MYCBP2,2,2311.0
PHF3,2,2311.0
KRT35,2,2311.0
MELK,2,2311.0
PLCG1,2,2311.0
PLCE1,2,2311.0
SF3B1,2,2311.0
RXRA,2,2311.0
PLCB4,2,2311.0
SF3B2,2,2311.0
MEX3C,2,2311.0
PLAGL2,2,2311.0
METTL2A,2,2311.0
SFMBT2,2,2311.0
NOS1,2,2311.0
SFTPA2,2,2311.0
LRR1,2,2311.0
NOP56,2,2311.0
LRGUK,2,2311.0
PDK4,2,2311.0
OR4N4,2,2311.0
LRRC32,2,2311.0
PKP4,2,2311.0
PUS3,2,2311.0
LRRC40,2,2311.0
RAD9A,2,2311.0
MEGF8,2,2311.0
PWWP2A,2,2311.0
LRRC4C,2,2311.0
SLC22A1,2,2311.0
LRRC66,2,2311.0
NGFR,2,2311.0
MFSD10,2,2311.0
LRFN5,2,2311.0
SLC35F2,2,2311.0
RGPD3,2,2311.0
PTPRH,2,2311.0
LIPK,2,2311.0
PDE11A,2,2311.0
PDE1C,2,2311.0
SLC34A2,2,2311.0
SLC30A8,2,2311.0
PDE2A,2,2311.0
PLEKHH2,2,2311.0
SLC2A2,2,2311.0
PDE3B,2,2311.0
MICAL1,2,2311.0
LMX1A,2,2311.0
NOTCH2,2,2311.0
PLEKHG2,2,2311.0
SLC22A9,2,2311.0
SLC27A2,2,2311.0
SLC26A10,2,2311.0
NFATC2,2,2311.0
MIA2,2,2311.0
SLC25A18,2,2311.0
LRBA,2,2311.0
PLEKHF1,2,2311.0
LRCH1,2,2311.0
NFIA,2,2311.0
PTPRT,2,2311.0
PLCH1,2,2311.0
PLCG2,2,2311.0
RGPD2,2,2311.0
MEGF6,2,2311.0
RREB1,2,2311.0
MEF2C,2,2311.0
RAB8A,2,2311.0
SLC12A7,2,2311.0
PGGHG,2,2311.0
MBD1,2,2311.0
PYY2,2,2311.0
MAGEC3,2,2311.0
PIP4K2C,2,2311.0
PZP,2,2311.0
RABGAP1L,2,2311.0
MAST4,2,2311.0
PIK3CG,2,2311.0
PIK3C2G,2,2311.0
MALL,2,2311.0
MANSC4,2,2311.0
SIX4,2,2311.0
NOMO2,2,2311.0
NLRP5,2,2311.0
RSRC2,2,2311.0
MARCH7,2,2311.0
MARCH10,2,2311.0
MAP2K6,2,2311.0
MARC1,2,2311.0
RFPL2,2,2311.0
MAP3K8,2,2311.0
PHF12,2,2311.0
RTN2,2,2311.0
MAP4K1,2,2311.0
RAB37,2,2311.0
PHF20L1,2,2311.0
RSPH1,2,2311.0
RFPL1,2,2311.0
SLC13A1,2,2311.0
MAG,2,2311.0
SGPL1,2,2311.0
PEG10,2,2311.0
PEG3,2,2311.0
LRRIQ4,2,2311.0
PKM,2,2311.0
LRRK2,2,2311.0
OR52K2,2,2311.0
MED14,2,2311.0
RFPL4B,2,2311.0
PYCR3,2,2311.0
NIN,2,2311.0
RWDD2A,2,2311.0
ME3,2,2311.0
MDH1B,2,2311.0
LTBP2,2,2311.0
LTBP4,2,2311.0
PEX1,2,2311.0
RABL6,2,2311.0
LY9,2,2311.0
PEX19,2,2311.0
RABL2A,2,2311.0
PKD1L2,2,2311.0
PFKFB2,2,2311.0
OR10A5,2,2311.0
NOG,2,2311.0
OR52K1,2,2311.0
PGBD5,2,2311.0
MIF4GD,2,2311.0
LINC01599,2,2311.0
PSPC1,2,2311.0
PCDHB11,2,2311.0
OR2T27,2,2311.0
POLR1D,2,2311.0
PCDHAC2,2,2311.0
MRGPRD,2,2311.0
LAMC2,2,2311.0
SLC5A2,2,2311.0
SIPA1,2,2311.0
SLC5A11,2,2311.0
LAMTOR2,2,2311.0
RGS5,2,2311.0
RASAL3,2,2311.0
LARGE2,2,2311.0
POLQ,2,2311.0
RASAL2,2,2311.0
MROH2B,2,2311.0
SECISBP2,2,2311.0
POLM,2,2311.0
REL,2,2311.0
OR6N1,2,2311.0
NEIL3,2,2311.0
PCDHB5,2,2311.0
POLD3,2,2311.0
LASP1,2,2311.0
SELENOI,2,2311.0
SELL,2,2311.0
OR2T34,2,2311.0
LBR,2,2311.0
PTGFR,2,2311.0
LAMA2,2,2311.0
L1TD1,2,2311.0
OR56B4,2,2311.0
RASSF7,2,2311.0
MS4A3,2,2311.0
POMK,2,2311.0
S100A8,2,2311.0
MRS2,2,2311.0
MRRF,2,2311.0
SLCO2B1,2,2311.0
PTBP3,2,2311.0
SLC9A8,2,2311.0
SLC9A5,2,2311.0
KRTAP1-5,2,2311.0
MRPS31,2,2311.0
PCDH20,2,2311.0
KRTAP10-2,2,2311.0
POM121L12,2,2311.0
SLC7A1,2,2311.0
SDHB,2,2311.0
POLR3C,2,2311.0
KRTAP4-11,2,2311.0
KRTAP4-12,2,2311.0
KRTAP4-9,2,2311.0
KRTAP5-7,2,2311.0
SEC11A,2,2311.0
OR2M7,2,2311.0
SLC7A6OS,2,2311.0
KRTAP9-4,2,2311.0
S100A7A,2,2311.0
PTCH1,2,2311.0
KY,2,2311.0
S100A1,2,2311.0
LCE2C,2,2311.0
SEMA3A,2,2311.0
OR4C15,2,2311.0
NEU3,2,2311.0
PCF11,2,2311.0
SLC3A1,2,2311.0
MLLT10,2,2311.0
PCM1,2,2311.0
MLH3,2,2311.0
LIN54,2,2311.0
RGPD5,2,2311.0
OR4B1,2,2311.0
PLXNA3,2,2311.0
PCNX3,2,2311.0
MIS18BP1,2,2311.0
SLC38A6,2,2311.0
SERPINB10,2,2311.0
POC1B,2,2311.0
RPTN,2,2311.0
SERPINB12,2,2311.0
OR5AK2,2,2311.0
LINC00707,2,2311.0
SLC38A1,2,2311.0
PLTP,2,2311.0
SERPINB2,2,2311.0
MIR1205,2,2311.0
PTPRB,2,2311.0
OR5AC2,2,2311.0
SLC37A4,2,2311.0
PCTP,2,2311.0
PDAP1,2,2311.0
RAPGEF2,2,2311.0
PTPN14,2,2311.0
SLC40A1,2,2311.0
RERGL,2,2311.0
PCDHB7,2,2311.0
SLC48A1,2,2311.0
PNPLA8,2,2311.0
LDHB,2,2311.0
RARS,2,2311.0
MOS,2,2311.0
OR3A2,2,2311.0
NPFFR2,2,2311.0
SLC47A2,2,2311.0
SEMG2,2,2311.0
LELP1,2,2311.0
PNLIPRP1,2,2311.0
SLC45A4,2,2311.0
MON2,2,2311.0
PTGS2,2,2311.0
PNKD,2,2311.0
PNISR,2,2311.0
SLC45A2,2,2311.0
OR5K2,2,2311.0
PCDHGA2,2,2311.0
LETM2,2,2311.0
SENP5,2,2311.0
SEPT12,2,2311.0
LGALS4,2,2311.0
MNDA,2,2311.0
NES,2,2311.0
RAPGEF6,2,2311.0
SLC1A3,2,2311.0
PROS1,2,2311.0
SOCS7,2,2311.0
UBXN2B,2,2311.0
CRY2,2,2311.0
CRNN,2,2311.0
TYW3,2,2311.0
UBA3,2,2311.0
UBE2K,2,2311.0
UBE2V1,2,2311.0
CPS1,2,2311.0
UBE3A,2,2311.0
CPLX1,2,2311.0
CPD,2,2311.0
UBQLNL,2,2311.0
UCP2,2,2311.0
UHMK1,2,2311.0
COPB2,2,2311.0
COPA,2,2311.0
COLEC10,2,2311.0
COL5A3,2,2311.0
COL4A5,2,2311.0
COL20A1,2,2311.0
COG7,2,2311.0
COG3,2,2311.0
CNTNAP5,2,2311.0
CNTNAP4,2,2311.0
CNTNAP2,2,2311.0
CSGALNACT1,2,2311.0
CSHL1,2,2311.0
CSMD2,2,2311.0
CSNK1A1L,2,2311.0
DCLRE1B,2,2311.0
DCHS2,2,2311.0
DCAF4L2,2,2311.0
DAXX,2,2311.0
TSHZ2,2,2311.0
KALRN,2,2311.0
CYSLTR2,2,2311.0
CYP3A7,2,2311.0
CYP2S1,2,2311.0
TSTA3,2,2311.0
CYP2E1,2,2311.0
CYP27B1,2,2311.0
TTC27,2,2311.0
CYP17A1,2,2311.0
CYP11B2,2,2311.0
CXCL6,2,2311.0
CXCL12,2,2311.0
CWC22,2,2311.0
CUEDC1,2,2311.0
CTTNBP2,2,2311.0
CTSC,2,2311.0
TUBA1A,2,2311.0
CSNK1G3,2,2311.0
CNTN5,2,2311.0
CNOT1,2,2311.0
CDCP1,2,2311.0
UTS2B,2,2311.0
CHEK2,2,2311.0
CHD9,2,2311.0
CGN,2,2311.0
CFHR4,2,2311.0
CFAP61,2,2311.0
CFAP46,2,2311.0
USP53,2,2311.0
CEP19,2,2311.0
CEP170,2,2311.0
CEP162,2,2311.0
UTRN,2,2311.0
CENPF,2,2311.0
UHRF1BP1L,2,2311.0
CENPB,2,2311.0
CELSR1,2,2311.0
UVRAG,2,2311.0
VANGL1,2,2311.0
CEACAM4,2,2311.0
CDV3,2,2311.0
VCAN,2,2311.0
CDK16,2,2311.0
CDK11A,2,2311.0
CDH6,2,2311.0
VHL,2,2311.0
USP31,2,2311.0
USP29,2,2311.0
CHID1,2,2311.0
CHKA,2,2311.0
UIMC1,2,2311.0
UNC13A,2,2311.0
CMAS,2,2311.0
UNC13C,2,2311.0
CLU,2,2311.0
CLPTM1L,2,2311.0
UNC79,2,2311.0
CLIP1,2,2311.0
CLEC1B,2,2311.0
CLEC1A,2,2311.0
CLEC16A,2,2311.0
CLEC14A,2,2311.0
CKM,2,2311.0
CIZ1,2,2311.0
URB2,2,2311.0
CIRBP,2,2311.0
CIR1,2,2311.0
CIPC,2,2311.0
USO1,2,2311.0
CHST11,2,2311.0
CHRFAM7A,2,2311.0
CHM,2,2311.0
CHL1,2,2311.0
DCST1,2,2311.0
DCTN1,2,2311.0
DCTN2,2,2311.0
TNFAIP1,2,2311.0
ERBIN,2,2311.0
ERAS,2,2311.0
TMEM92,2,2311.0
TMEM99,2,2311.0
EPHB6,2,2311.0
EPHA6,2,2311.0
TMTC1,2,2311.0
TMTC4,2,2311.0
EPB41L1,2,2311.0
TMX3,2,2311.0
EP300,2,2311.0
ENPP1,2,2311.0
TRRAP,2,2311.0
ENOPH1,2,2311.0
EMSY,2,2311.0
TNPO1,2,2311.0
EMG1,2,2311.0
ELP1,2,2311.0
ELN,2,2311.0
ELAVL2,2,2311.0
EIF3H,2,2311.0
TP53BP1,2,2311.0
EIF2B5,2,2311.0
TP53TG3D,2,2311.0
ERN2,2,2311.0
ERO1A,2,2311.0
ESCO2,2,2311.0
ESRP2,2,2311.0
TM7SF3,2,2311.0
FAM84B,2,2311.0
FAM71A,2,2311.0
FAM47B,2,2311.0
TMCO6,2,2311.0
FAM208B,2,2311.0
TMED1,2,2311.0
TMEM117,2,2311.0
FAM189B,2,2311.0
TMEM131,2,2311.0
TMEM132A,2,2311.0
FAM177A1,2,2311.0
TMEM151A,2,2311.0
TMEM196,2,2311.0
TMEM200C,2,2311.0
F11R,2,2311.0
F11,2,2311.0
EYS,2,2311.0
EXT1,2,2311.0
TMEM270,2,2311.0
TMEM44,2,2311.0
EVI5,2,2311.0
ETNK2,2,2311.0
EHF,2,2311.0
EFCAB7,2,2311.0
EFCAB3,2,2311.0
DNAJC25,2,2311.0
DNAJB7,2,2311.0
DNAH9,2,2311.0
TRIM50,2,2311.0
TRIM51HP,2,2311.0
DMXL1,2,2311.0
DMRTA1,2,2311.0
DMPK,2,2311.0
DMBX1,2,2311.0
DLX6,2,2311.0
TRIM68,2,2311.0
TRIO,2,2311.0
DHX9,2,2311.0
DHX30,2,2311.0
DGKZ,2,2311.0
DENND4B,2,2311.0
DENND2A,2,2311.0
DEGS1,2,2311.0
DEFB118,2,2311.0
DEFB116,2,2311.0
TRPC4,2,2311.0
DDX39A,2,2311.0
DDX10,2,2311.0
DDR2,2,2311.0
TRIM35,2,2311.0
DNM3,2,2311.0
TPM3,2,2311.0
TRIM29,2,2311.0
EEF2,2,2311.0
EEF1G,2,2311.0
EDA,2,2311.0
TPP2,2,2311.0
TPR,2,2311.0
ECE2,2,2311.0
DYSF,2,2311.0
DYRK3,2,2311.0
DYNLL2,2,2311.0
DYNC1LI2,2,2311.0
TPTE2,2,2311.0
DYNC1H1,2,2311.0
DVL3,2,2311.0
DTX2,2,2311.0
TRAPPC8,2,2311.0
DSP,2,2311.0
DROSHA,2,2311.0
TRIM11,2,2311.0
DRAP1,2,2311.0
DPP10,2,2311.0
DOK2,2,2311.0
TRIM25,2,2311.0
DOCK10,2,2311.0
CDH13,2,2311.0
CDC123,2,2311.0
FANCF,2,2311.0
APLP1,2,2311.0
ARHGEF17,2,2311.0
ARHGEF11,2,2311.0
ARHGAP44,2,2311.0
ARHGAP39,2,2311.0
ARHGAP35,2,2311.0
ZNF292,2,2311.0
ARHGAP15,2,2311.0
ZNF407,2,2311.0
APP,2,2311.0
ZNF414,2,2311.0
APOBEC1,2,2311.0
ZNF426,2,2311.0
ANK3,2,2311.0
ZNF439,2,2311.0
APBB1IP,2,2311.0
AP4S1,2,2311.0
AP3S1,2,2311.0
ZNF446,2,2311.0
ANXA6,2,2311.0
ANP32E,2,2311.0
ANO8,2,2311.0
ANO4,2,2311.0
ANKRD30B,2,2311.0
ZNF511,2,2311.0
ARHGEF18,2,2311.0
ARHGEF2,2,2311.0
ZNF28,2,2311.0
ARL14EP,2,2311.0
ATP6V0D1,2,2311.0
ATP5H,2,2311.0
ZHX2,2,2311.0
ATP1A4,2,2311.0
ATP11A,2,2311.0
ATN1,2,2311.0
ATG9A,2,2311.0
ATG4D,2,2311.0
ZMAT3,2,2311.0
ATG2B,2,2311.0
ZMYND8,2,2311.0
ATF3,2,2311.0
ATAD5,2,2311.0
ASXL3,2,2311.0
ASTN1,2,2311.0
ZNF160,2,2311.0
ZNF205,2,2311.0
ASCC2,2,2311.0
ASB8,2,2311.0
ASB17,2,2311.0
ARNT,2,2311.0
ZNF25,2,2311.0
ARL6IP6,2,2311.0
ANKRD27,2,2311.0
ANGPT2,2,2311.0
VPS13D,2,2311.0
ACAD11,2,2311.0
ACTN2,2,2311.0
ZNF8,2,2311.0
ACTA2,2,2311.0
ZNF804B,2,2311.0
ACSM2A,2,2311.0
ACSL6,2,2311.0
ZNF805,2,2311.0
ACP5,2,2311.0
ACOT7,2,2311.0
ACOT2,2,2311.0
ACER3,2,2311.0
ABL1,2,2311.0
ZNF558,2,2311.0
ZNF91,2,2311.0
ABCD2,2,2311.0
ABCC8,2,2311.0
ABCC2,2,2311.0
ABCC12,2,2311.0
ABCC1,2,2311.0
ABCB5,2,2311.0
ABCA8,2,2311.0
ZSCAN30,2,2311.0
ZSCAN4,2,2311.0
ZSWIM8,2,2311.0
ADAM10,2,2311.0
ADAM15,2,2311.0
ZNF77,2,2311.0
ADAM32,2,2311.0
ALMS1,2,2311.0
ALKBH8,2,2311.0
ALG8,2,2311.0
ZNF596,2,2311.0
ZNF606,2,2311.0
ALDH3B2,2,2311.0
AKAP17A,2,2311.0
AKAIN1,2,2311.0
AK3,2,2311.0
AIP,2,2311.0
AGTPBP1,2,2311.0
AGAP2-AS1,2,2311.0
AGAP1,2,2311.0
AFP,2,2311.0
ADSS,2,2311.0
ADNP,2,2311.0
ADGRF1,2,2311.0
ADCY6,2,2311.0
ADCY5,2,2311.0
ZNF713,2,2311.0
ADAR,2,2311.0
ADAMTS19,2,2311.0
ADAM5,2,2311.0
ATP6V0D2,2,2311.0
ATP6V1H,2,2311.0
ATP7A,2,2311.0
CALCR,2,2311.0
CASZ1,2,2311.0
WEE2,2,2311.0
CARMIL3,2,2311.0
CARMIL2,2,2311.0
CAPN5,2,2311.0
CAPN13,2,2311.0
CANX,2,2311.0
WNT11,2,2311.0
CAMSAP2,2,2311.0
WNT5B,2,2311.0
WNT7A,2,2311.0
CADPS2,2,2311.0
ATP8B1,2,2311.0
CACNG6,2,2311.0
CACNA2D4,2,2311.0
WWC3,2,2311.0
CABYR,2,2311.0
CABP4,2,2311.0
WWP1,2,2311.0
CABCOCO1,2,2311.0
CA8,2,2311.0
XIRP1,2,2311.0
C9orf3,2,2311.0
C8orf48,2,2311.0
CATSPERB,2,2311.0
WDR78,2,2311.0
CAVIN4,2,2311.0
WDR75,2,2311.0
VPS37C,2,2311.0
CD5,2,2311.0
CD3EAP,2,2311.0
VPS39,2,2311.0
CCT8L2,2,2311.0
VSNL1,2,2311.0
CCR5,2,2311.0
CCNE2,2,2311.0
CCNB1,2,2311.0
VWF,2,2311.0
WAPL,2,2311.0
CCDC73,2,2311.0
CCDC185,2,2311.0
CCDC171,2,2311.0
WDR24,2,2311.0
WDR27,2,2311.0
CCDC141,2,2311.0
WDR38,2,2311.0
CCDC137,2,2311.0
CCDC136,2,2311.0
CCDC129,2,2311.0
WDR64,2,2311.0
WDR72,2,2311.0
C8orf44,2,2311.0
C8G,2,2311.0
XKR6,2,2311.0
ZBED1,2,2311.0
BMP3,2,2311.0
BMP1,2,2311.0
ZBTB38,2,2311.0
ZBTB41,2,2311.0
BICDL2,2,2311.0
BDP1,2,2311.0
BDNF,2,2311.0
BCL9,2,2311.0
ZBTB7B,2,2311.0
ZC3H12B,2,2311.0
BCAN,2,2311.0
ZC3H15,2,2311.0
BBOX1,2,2311.0
BANK1,2,2311.0
ZCRB1,2,2311.0
ZDHHC17,2,2311.0
ZER1,2,2311.0
ZFHX2,2,2311.0
AXIN2,2,2311.0
AXIN1,2,2311.0
AWAT2,2,2311.0
ZFHX4-AS1,2,2311.0
ZFP90,2,2311.0
BOD1L2,2,2311.0
BRD7,2,2311.0
C6,2,2311.0
BRINP3,2,2311.0
XPC,2,2311.0
C4orf33,2,2311.0
C3orf56,2,2311.0
C3AR1,2,2311.0
C2CD5,2,2311.0
C1orf54,2,2311.0
XRCC1,2,2311.0
C1QL3,2,2311.0
XYLT1,2,2311.0
YAF2,2,2311.0
C17orf80,2,2311.0
YEATS4,2,2311.0
C16orf45,2,2311.0
YLPM1,2,2311.0
C14orf119,2,2311.0
BTNL3,2,2311.0
BTG4,2,2311.0
BTF3L4,2,2311.0
BTC,2,2311.0
BSN,2,2311.0
YY1,2,2311.0
BRSK2,2,2311.0
YY1AP1,2,2311.0
TLR7,2,2311.0
DAO,2,2311.0
HYAL4,2,2311.0
TFAP4,2,2311.0
GABBR2,2,2311.0
GPN2,2,2311.0
FKBP15,2,2311.0
SPATA2,2,2311.0
STAT4,2,2311.0
STAT2,2,2311.0
GID4,2,2311.0
SRSF1,2,2311.0
FLCN,2,2311.0
IGHMBP2,2,2311.0
TACC3,2,2311.0
FGF18,2,2311.0
TADA2A,2,2311.0
TAF11,2,2311.0
FLOT1,2,2311.0
TEX47,2,2311.0
INSM2,2,2311.0
HYDIN,2,2311.0
FZD9,2,2311.0
SPATA31A3,2,2311.0
FMN2,2,2311.0
STAC,2,2311.0
INTS5,2,2311.0
INVS,2,2311.0
HPX,2,2311.0
HIF1A,2,2311.0
GPR87,2,2311.0
GPR84,2,2311.0
SYNRG,2,2311.0
FGF3,2,2311.0
HEG1,2,2311.0
TCF3,2,2311.0
IREB2,2,2311.0
HSD17B7,2,2311.0
GPR20,2,2311.0
SYT6,2,2311.0
GPR137B,2,2311.0
HRH3,2,2311.0
GPR12,2,2311.0
IQCD,2,2311.0
STKLD1,2,2311.0
TBCE,2,2311.0
IQCB1,2,2311.0
TGFBR2,2,2311.0
IGFBP2,2,2311.0
IPO9,2,2311.0
HRAS,2,2311.0
INO80E,2,2311.0
TEX13A,2,2311.0
TESMIN,2,2311.0
IL1RL2,2,2311.0
FOXO3,2,2311.0
FPR1,2,2311.0
TENM1,2,2311.0
GLYR1,2,2311.0
GLUL,2,2311.0
HMGCR,2,2311.0
TAS2R19,2,2311.0
SSRP1,2,2311.0
IL1RL1,2,2311.0
ST18,2,2311.0
GLIPR1,2,2311.0
IL19,2,2311.0
FRMD8,2,2311.0
FRMPD2,2,2311.0
FRMPD3,2,2311.0
TAS2R31,2,2311.0
HMX3,2,2311.0
HNF4A,2,2311.0
FSIP2,2,2311.0
FSTL5,2,2311.0
TAS2R42,2,2311.0
FOXO1,2,2311.0
FTO,2,2311.0
GIMAP5,2,2311.0
GMEB1,2,2311.0
FOXA2,2,2311.0
GINM1,2,2311.0
HLA-DOA,2,2311.0
SPATA5,2,2311.0
SPATA8,2,2311.0
STAB1,2,2311.0
IMPAD1,2,2311.0
FXR1,2,2311.0
HOXC5,2,2311.0
IMP4,2,2311.0
HLF,2,2311.0
IGSF22,2,2311.0
FUT10,2,2311.0
FOXA3,2,2311.0
TERF2IP,2,2311.0
HMBOX1,2,2311.0
FOXD3,2,2311.0
IL27RA,2,2311.0
SPIDR,2,2311.0
SPEN,2,2311.0
TERF2,2,2311.0
STRC,2,2311.0
FTCD,2,2311.0
ITGA9,2,2311.0
HTR3A,2,2311.0
GCK,2,2311.0
HEATR1,2,2311.0
TBX22,2,2311.0
SUPT5H,2,2311.0
HACE1,2,2311.0
HSPA14,2,2311.0
HBB,2,2311.0
SREBF2,2,2311.0
SRCIN1,2,2311.0
ITIH6,2,2311.0
ITCH,2,2311.0
SP110,2,2311.0
GALNT7,2,2311.0
GALNT6,2,2311.0
GRM1,2,2311.0
ISM1,2,2311.0
HTR1F,2,2311.0
GALNT12,2,2311.0
SYAP1,2,2311.0
FAT4,2,2311.0
IFI16,2,2311.0
STX16,2,2311.0
STX2,2,2311.0
TLE3,2,2311.0
SPTBN1,2,2311.0
SUMO1P1,2,2311.0
FBRSL1,2,2311.0
FBXL7,2,2311.0
TJP2,2,2311.0
TBX2,2,2311.0
SULF2,2,2311.0
GDPD3,2,2311.0
GDAP1,2,2311.0
HSPA6,2,2311.0
SRF,2,2311.0
IARS2,2,2311.0
SUN1,2,2311.0
TJAP1,2,2311.0
ITGB4,2,2311.0
SOX14,2,2311.0
FBXO31,2,2311.0
GEMIN4,2,2311.0
STX4,2,2311.0
SULF1,2,2311.0
SRL,2,2311.0
TCF20,2,2311.0
GABRG3,2,2311.0
SORCS3,2,2311.0
SPAG11A,2,2311.0
GTF3C1,2,2311.0
FANCM,2,2311.0
HTT,2,2311.0
GUSB,2,2311.0
JMJD4,2,2311.0
SYCP2,2,2311.0
JMY,2,2311.0
HDAC9,2,2311.0
SYN2,2,2311.0
SORBS2,2,2311.0
GTF3C4,2,2311.0
STRIP1,2,2311.0
GTPBP1,2,2311.0
FGF13,2,2311.0
GREB1,2,2311.0
FBN3,2,2311.0
GADD45GIP1,2,2311.0
FDFT1,2,2311.0
FANCI,2,2311.0
IFNE,2,2311.0
GTF2IRD1,2,2311.0
SOS1,2,2311.0
FASN,2,2311.0
GRIK2,2,2311.0
FCRL5,2,2311.0
FCRLA,2,2311.0
FERD3L,2,2311.0
GRIK1,2,2311.0
ITPR3,2,2311.0
HCFC2,2,2311.0
GRIA3,2,2311.0
SPAG1,2,2311.0
HCRTR1,2,2311.0
RASA1,1,4122.0
ST3GAL1,1,4122.0
RAD50,1,4122.0
SSR2,1,4122.0
ZFYVE9,1,4122.0
ZBBX,1,4122.0
RASA3,1,4122.0
SMAD9,1,4122.0
RAD1,1,4122.0
ZCCHC12,1,4122.0
SS18L1,1,4122.0
RASA4,1,4122.0
ZCWPW1,1,4122.0
ZBTB46,1,4122.0
SRRM1,1,4122.0
RALGAPB,1,4122.0
RALGAPA2,1,4122.0
SRGAP2B,1,4122.0
SRPRB,1,4122.0
SMARCA5,1,4122.0
RAD51AP2,1,4122.0
SRPK1,1,4122.0
SRP9,1,4122.0
ZC3H3,1,4122.0
SRP68,1,4122.0
ZC3HC1,1,4122.0
ZCCHC8,1,4122.0
RAI14,1,4122.0
ZBTB40,1,4122.0
ZDHHC11,1,4122.0
RADIL,1,4122.0
RAMP3,1,4122.0
ZBTB2,1,4122.0
ZFC3H1,1,4122.0
RAD54L2,1,4122.0
SS18,1,4122.0
RAP2C,1,4122.0
RAP1GDS1,1,4122.0
SRSF12,1,4122.0
RAP1GAP,1,4122.0
RANBP6,1,4122.0
ZEB2,1,4122.0
RANBP3L,1,4122.0
ZBTB37,1,4122.0
ZDHHC5,1,4122.0
SMARCE1,1,4122.0
ZBTB4,1,4122.0
ZBTB7C,1,4122.0
SIDT1,1,4122.0
ST3GAL5,1,4122.0
RBMXL1,1,4122.0
SLC8A2,1,4122.0
SLC9A2,1,4122.0
RDH16,1,4122.0
RDH10,1,4122.0
SLC9A3,1,4122.0
RCVRN,1,4122.0
WFIKKN2,1,4122.0
RCSD1,1,4122.0
WIF1,1,4122.0
RCHY1,1,4122.0
WLS,1,4122.0
STRN3,1,4122.0
WNK3,1,4122.0
RCC1L,1,4122.0
RCBTB1,1,4122.0
SLC9A4,1,4122.0
STRAP,1,4122.0
WT1-AS,1,4122.0
RBMXL3,1,4122.0
STPG1,1,4122.0
SLC9A9,1,4122.0
WDR88,1,4122.0
RECK,1,4122.0
SLC8A1,1,4122.0
WDR44,1,4122.0
RFC2,1,4122.0
STXBP4,1,4122.0
REXO2,1,4122.0
STXBP1,1,4122.0
REV3L,1,4122.0
RET,1,4122.0
SLC7A13,1,4122.0
REST,1,4122.0
SLC7A14,1,4122.0
WDR46,1,4122.0
STX10,1,4122.0
WDR62,1,4122.0
STX3,1,4122.0
WDR66,1,4122.0
WDR7,1,4122.0
WDR73,1,4122.0
REEP4,1,4122.0
RECQL4,1,4122.0
STX1A,1,4122.0
WDR76,1,4122.0
STON2,1,4122.0
SLCO1B7,1,4122.0
YWHAZ,1,4122.0
STON1-GTF2A1L,1,4122.0
RB1CC1,1,4122.0
SLIT1,1,4122.0
RAVER1,1,4122.0
STAB2,1,4122.0
XYLT2,1,4122.0
YARS2,1,4122.0
YBX3,1,4122.0
RASSF9,1,4122.0
YES1,1,4122.0
YIPF7,1,4122.0
RASSF8,1,4122.0
ST8SIA3,1,4122.0
ST8SIA2,1,4122.0
RASSF5,1,4122.0
YTHDC1,1,4122.0
RASL12,1,4122.0
YTHDF3,1,4122.0
RASL11B,1,4122.0
YWHAG,1,4122.0
ST6GALNAC4,1,4122.0
YWHAH,1,4122.0
RBBP5,1,4122.0
STAG3,1,4122.0
RBBP8,1,4122.0
SLCO6A1,1,4122.0
WWP2,1,4122.0
STON1,1,4122.0
RBM6,1,4122.0
XDH,1,4122.0
STMN2,1,4122.0
RBM4B,1,4122.0
RBM45,1,4122.0
RBM43,1,4122.0
STK38L,1,4122.0
RBM41,1,4122.0
SLFN5,1,4122.0
XK,1,4122.0
SLFN12,1,4122.0
XKR4,1,4122.0
STAT6,1,4122.0
STARD8,1,4122.0
RBM33,1,4122.0
XPO7,1,4122.0
STARD7,1,4122.0
STARD6,1,4122.0
XPOT,1,4122.0
ZNF2,1,4122.0
ZGRF1,1,4122.0
SNX14,1,4122.0
ZNF668,1,4122.0
ZNF672,1,4122.0
PSMD4,1,4122.0
ZNF675,1,4122.0
SPAG16,1,4122.0
ZNF677,1,4122.0
ZNF678,1,4122.0
ZNF679,1,4122.0
ZNF687,1,4122.0
PSMD2,1,4122.0
ZNF688,1,4122.0
ZNF699,1,4122.0
ZNF701,1,4122.0
SRBD1,1,4122.0
ZNF705A,1,4122.0
PSMC5,1,4122.0
ZNF705E,1,4122.0
ZNF707,1,4122.0
PSMC3,1,4122.0
ZNF709,1,4122.0
PSMB5,1,4122.0
PSMB2,1,4122.0
ZNF710,1,4122.0
SNX16,1,4122.0
PSMA3,1,4122.0
PSIP1,1,4122.0
SPAG5,1,4122.0
PSME4,1,4122.0
ZNF646,1,4122.0
PSPH,1,4122.0
ZNF564,1,4122.0
PTGR1,1,4122.0
ZNF573,1,4122.0
ZNF581,1,4122.0
PTGIS,1,4122.0
ZNF583,1,4122.0
ZNF585B,1,4122.0
PTGFRN,1,4122.0
ZNF592,1,4122.0
SNUPN,1,4122.0
SPATA17,1,4122.0
SPATA16,1,4122.0
PTCHD4,1,4122.0
ZNF607,1,4122.0
ZNF613,1,4122.0
ZNF618,1,4122.0
ZNF628,1,4122.0
SNX1,1,4122.0
PTCD1,1,4122.0
ZNF630,1,4122.0
ZNF638,1,4122.0
SNX12,1,4122.0
ZNF645,1,4122.0
SPART,1,4122.0
SPANXD,1,4122.0
PSG7,1,4122.0
PSG3,1,4122.0
SNX19,1,4122.0
PRR29,1,4122.0
ZNF827,1,4122.0
PRR14L,1,4122.0
SOCS2,1,4122.0
ZNF829,1,4122.0
SOX11,1,4122.0
ZNF843,1,4122.0
ZNF845,1,4122.0
PRR12,1,4122.0
PRR11,1,4122.0
PRPS1L1,1,4122.0
PRPH2,1,4122.0
ZNF85,1,4122.0
ZNF860,1,4122.0
SOX10,1,4122.0
ZNF98,1,4122.0
ZNHIT6,1,4122.0
SOWAHB,1,4122.0
SOCS3,1,4122.0
SORL1,1,4122.0
PRPF19,1,4122.0
ZRSR2,1,4122.0
ZSCAN1,1,4122.0
ZSCAN21,1,4122.0
ZXDB,1,4122.0
ZZEF1,1,4122.0
PRR23C,1,4122.0
PRR34,1,4122.0
PSG10P,1,4122.0
ZNF814,1,4122.0
ZNF728,1,4122.0
ZNF746,1,4122.0
ZNF76,1,4122.0
SPACA3,1,4122.0
ZNF763,1,4122.0
ZNF765,1,4122.0
SP3,1,4122.0
PSD,1,4122.0
PRUNE2,1,4122.0
SP140,1,4122.0
SNX27,1,4122.0
PRSS58,1,4122.0
ZNF774,1,4122.0
SNX32,1,4122.0
ZNF790,1,4122.0
PRSS36,1,4122.0
SP100,1,4122.0
PRSS1,1,4122.0
SP1,1,4122.0
PRRT1,1,4122.0
SOX4,1,4122.0
SNX7,1,4122.0
SOX17,1,4122.0
ZNF81,1,4122.0
SOX13,1,4122.0
ZNF563,1,4122.0
ZNF562,1,4122.0
ZNF561,1,4122.0
RAB22A,1,4122.0
ZNF177,1,4122.0
ZNF180,1,4122.0
RAB11FIP1,1,4122.0
STYX,1,4122.0
R3HDML,1,4122.0
QTRT1,1,4122.0
SMTNL2,1,4122.0
SPPL2A,1,4122.0
QRSL1,1,4122.0
ZNF207,1,4122.0
QRICH2,1,4122.0
SPOCK3,1,4122.0
ZNF208,1,4122.0
ZNF222,1,4122.0
ZNF226,1,4122.0
ZNF230,1,4122.0
SMYD3,1,4122.0
ZNF236,1,4122.0
QKI,1,4122.0
SPOCK2,1,4122.0
SMYD5,1,4122.0
ZNF250,1,4122.0
ZNF254,1,4122.0
PYHIN1,1,4122.0
PYGO2,1,4122.0
SPPL2C,1,4122.0
ZNF155,1,4122.0
ZNF263,1,4122.0
SPRED3,1,4122.0
SPTSSB,1,4122.0
RABIF,1,4122.0
ZHX1,1,4122.0
SMG8,1,4122.0
SPTBN4,1,4122.0
ZIC4,1,4122.0
SMIM29,1,4122.0
ZKSCAN1,1,4122.0
RABEP2,1,4122.0
ZKSCAN7,1,4122.0
RAB6A,1,4122.0
SPTB,1,4122.0
RAB3IL1,1,4122.0
ZMAT2,1,4122.0
SPRY2,1,4122.0
SMO,1,4122.0
ZMYM3,1,4122.0
SPRR2G,1,4122.0
ZNF114,1,4122.0
SPRR2D,1,4122.0
RAB28,1,4122.0
SPRR2A,1,4122.0
RAB25,1,4122.0
ZNF131,1,4122.0
ZNF133,1,4122.0
PYGM,1,4122.0
SNAI1,1,4122.0
ZNF556,1,4122.0
ZNF423,1,4122.0
SPECC1L,1,4122.0
PTPRR,1,4122.0
ZNF441,1,4122.0
SPDYC,1,4122.0
ZNF443,1,4122.0
SPDL1,1,4122.0
PTPRN2,1,4122.0
SPATS2L,1,4122.0
PTPRN,1,4122.0
ZNF449,1,4122.0
ZNF451,1,4122.0
PTPRE,1,4122.0
ZNF479,1,4122.0
ZNF48,1,4122.0
PTPN7,1,4122.0
PTPN6,1,4122.0
SPATA32,1,4122.0
SPATA31D1,1,4122.0
ZNF516,1,4122.0
ZNF526,1,4122.0
PTPN23,1,4122.0
ZNF534,1,4122.0
PTK7,1,4122.0
ZNF549,1,4122.0
SPATA20,1,4122.0
PTPRU,1,4122.0
PTPRZ1,1,4122.0
PYGB,1,4122.0
SNCG,1,4122.0
ZNF280C,1,4122.0
SPO11,1,4122.0
SPNS2,1,4122.0
ZNF281,1,4122.0
SPNS1,1,4122.0
SPINT4,1,4122.0
ZNF282,1,4122.0
SPEG,1,4122.0
PYCR1,1,4122.0
SNAPC1,1,4122.0
ZNF311,1,4122.0
ZNF318,1,4122.0
ZNF330,1,4122.0
ZNF33A,1,4122.0
PURG,1,4122.0
PUM2,1,4122.0
ZNF354A,1,4122.0
ZNF362,1,4122.0
ZNF391,1,4122.0
ZNF395,1,4122.0
SNAPIN,1,4122.0
PUDP,1,4122.0
ZNF417,1,4122.0
ZNF419,1,4122.0
SNCAIP,1,4122.0
STYK1,1,4122.0
VASN,1,4122.0
WBP11,1,4122.0
TRAK1,1,4122.0
SLC16A2,1,4122.0
TEX15,1,4122.0
TPTE,1,4122.0
SDC2,1,4122.0
SLC16A3,1,4122.0
TRA2A,1,4122.0
TRA2B,1,4122.0
TRADD,1,4122.0
SCRN3,1,4122.0
SCRN2,1,4122.0
TRAF3IP2,1,4122.0
TRAFD1,1,4122.0
SCPEP1,1,4122.0
TSACC,1,4122.0
TRAM1,1,4122.0
SCP2,1,4122.0
SCO2,1,4122.0
TRAPPC10,1,4122.0
TRAPPC12,1,4122.0
SCN9A,1,4122.0
TRDMT1,1,4122.0
TRERF1,1,4122.0
SCN3A,1,4122.0
SLC17A3,1,4122.0
SCN11A,1,4122.0
TRHDE-AS1,1,4122.0
TPT1-AS1,1,4122.0
TPST1,1,4122.0
SDCBP2,1,4122.0
TPSAB1,1,4122.0
SELE,1,4122.0
SEH1L,1,4122.0
TOMM40L,1,4122.0
TOP1,1,4122.0
TGFA,1,4122.0
TGDS,1,4122.0
SLC12A2,1,4122.0
TP53RK,1,4122.0
TPCN2,1,4122.0
SEC61A2,1,4122.0
SEC31A,1,4122.0
SEC22A,1,4122.0
TFR2,1,4122.0
TPD52L2,1,4122.0
SEC13,1,4122.0
SDR16C5,1,4122.0
TFAP2C,1,4122.0
SLC13A5,1,4122.0
TFAP2B,1,4122.0
TPM4,1,4122.0
TPO,1,4122.0
TFAP2A,1,4122.0
TPRX1,1,4122.0
SDCCAG8,1,4122.0
SLC15A5,1,4122.0
TERF1,1,4122.0
TRIM23,1,4122.0
SLC17A4,1,4122.0
TRMT112,1,4122.0
TRMT44,1,4122.0
TROVE2,1,4122.0
SLC22A11,1,4122.0
TDRD5,1,4122.0
SBNO2,1,4122.0
TRPC3,1,4122.0
SBF1,1,4122.0
SATL1,1,4122.0
SAT2,1,4122.0
TCTEX1D1,1,4122.0
TCTE1,1,4122.0
TRPM1,1,4122.0
TRPM3,1,4122.0
TRPM5,1,4122.0
SLC22A16,1,4122.0
SASS6,1,4122.0
TCP11,1,4122.0
SART3,1,4122.0
SARM1,1,4122.0
SAP30BP,1,4122.0
TRPV5,1,4122.0
SLC22A18,1,4122.0
SLC22A2,1,4122.0
TCFL5,1,4122.0
TRUB1,1,4122.0
TRMT13,1,4122.0
TRMT10C,1,4122.0
SCN10A,1,4122.0
TDRKH,1,4122.0
SLC18A3,1,4122.0
SCML1,1,4122.0
TELO2,1,4122.0
TRIM33,1,4122.0
SCLY,1,4122.0
SLC19A2,1,4122.0
TEKT5,1,4122.0
SCIN,1,4122.0
TRIM37,1,4122.0
TECPR1,1,4122.0
TRIM55,1,4122.0
TRIM58,1,4122.0
SCGB2A1,1,4122.0
SCFD2,1,4122.0
SLC20A1,1,4122.0
TRIM66,1,4122.0
SCAPER,1,4122.0
SCAMP3,1,4122.0
TRIM67,1,4122.0
SCAI,1,4122.0
TEAD4,1,4122.0
TRIM9,1,4122.0
TRIOBP,1,4122.0
TRIP13,1,4122.0
TDRP,1,4122.0
TOMM34,1,4122.0
TOMM20L,1,4122.0
SELP,1,4122.0
SH2D2A,1,4122.0
TMEM127,1,4122.0
TMEM132E,1,4122.0
TMEM138,1,4122.0
SIL1,1,4122.0
TMEM156,1,4122.0
TMEM175,1,4122.0
TMEM178A,1,4122.0
TMEM182,1,4122.0
SGO2,1,4122.0
TIMP3,1,4122.0
TMEM211,1,4122.0
SGCG,1,4122.0
TIMM21,1,4122.0
SGCB,1,4122.0
SFTPB,1,4122.0
TIMD4,1,4122.0
SFSWAP,1,4122.0
SFRP4,1,4122.0
SFRP2,1,4122.0
TMEM229A,1,4122.0
TMEM235,1,4122.0
TMEM236,1,4122.0
SFMBT1,1,4122.0
TIGD3,1,4122.0
TMEM247,1,4122.0
SGSM2,1,4122.0
TMEM106B,1,4122.0
TMEM258,1,4122.0
TLE4,1,4122.0
SIAH2,1,4122.0
SIGLEC1,1,4122.0
TM4SF1,1,4122.0
TM7SF2,1,4122.0
SHROOM2,1,4122.0
SHPRH,1,4122.0
SIGLEC14,1,4122.0
SHC2,1,4122.0
TM9SF1,1,4122.0
TM9SF4,1,4122.0
TMC2,1,4122.0
TMC3,1,4122.0
TMC5,1,4122.0
SHANK1,1,4122.0
SH3YL1,1,4122.0
TMCC1,1,4122.0
SH3RF3,1,4122.0
TLK1,1,4122.0
TMCO2,1,4122.0
SH3GLB1,1,4122.0
TMCO3,1,4122.0
SIGLEC7,1,4122.0
SH3D19,1,4122.0
SH2D5,1,4122.0
SH2D4A,1,4122.0
TMEM248,1,4122.0
TMEM26,1,4122.0
THAP10,1,4122.0
SERPINA3,1,4122.0
SLAMF1,1,4122.0
TNFRSF11B,1,4122.0
SLAMF8,1,4122.0
TNFRSF25,1,4122.0
SERPINA10,1,4122.0
SERINC5,1,4122.0
SERINC3,1,4122.0
TNFRSF9,1,4122.0
TNFSF18,1,4122.0
TNK2,1,4122.0
SEPT7,1,4122.0
THAP6,1,4122.0
TNN,1,4122.0
SLC10A4,1,4122.0
SLC10A5,1,4122.0
SEPHS2,1,4122.0
TNPO2,1,4122.0
TNPO3,1,4122.0
SLC12A1,1,4122.0
SEMA6D,1,4122.0
TNRC6A,1,4122.0
SEMA4B,1,4122.0
SEMA3F,1,4122.0
TNRC6C,1,4122.0
SEMA3D,1,4122.0
SERPINA11,1,4122.0
SLAIN2,1,4122.0
SEZ6L2,1,4122.0
TMX1,1,4122.0
SEZ6L,1,4122.0
TIFAB,1,4122.0
TIE1,1,4122.0
TIAM2,1,4122.0
TMEM50B,1,4122.0
TIAM1,1,4122.0
SETD9,1,4122.0
SIRPA,1,4122.0
TMEM71,1,4122.0
TMEM79,1,4122.0
TMEM87B,1,4122.0
SETD5,1,4122.0
TMEM8B,1,4122.0
THSD7A,1,4122.0
THRSP,1,4122.0
THOC2,1,4122.0
SERPINH1,1,4122.0
TMOD4,1,4122.0
THEM4,1,4122.0
TMPO,1,4122.0
TMPRSS11F,1,4122.0
SERPINB5,1,4122.0
THAP9,1,4122.0
SKA1,1,4122.0
SKAP1,1,4122.0
SLC22A3,1,4122.0
SAMD9,1,4122.0
WASHC5,1,4122.0
TAAR6,1,4122.0
RNF40,1,4122.0
RNF34,1,4122.0
TAB1,1,4122.0
URM1,1,4122.0
USF3,1,4122.0
USH1C,1,4122.0
SLC41A3,1,4122.0
USP11,1,4122.0
RNF20,1,4122.0
RNF19A,1,4122.0
RNF185,1,4122.0
RNF17,1,4122.0
RNF149,1,4122.0
TSC2,1,4122.0
RNF139,1,4122.0
USP2,1,4122.0
RNF126P1,1,4122.0
RNF113A,1,4122.0
SYT13,1,4122.0
PROSER1,1,4122.0
RND3,1,4122.0
SYT11,1,4122.0
RMND5B,1,4122.0
SYT10,1,4122.0
USP35,1,4122.0
USP43,1,4122.0
RNF6,1,4122.0
TAF2,1,4122.0
TAF9,1,4122.0
URB1,1,4122.0
RPE,1,4122.0
SLC38A2,1,4122.0
TARS2,1,4122.0
UNC50,1,4122.0
UNC5D,1,4122.0
RP1,1,4122.0
TARBP1,1,4122.0
RORB,1,4122.0
ROR2,1,4122.0
UNC80,1,4122.0
TAOK1,1,4122.0
UPF2,1,4122.0
ROCK2,1,4122.0
TANC1,1,4122.0
ROBO4,1,4122.0
SLC39A12,1,4122.0
TAGLN2,1,4122.0
SLC39A14,1,4122.0
UPF3A,1,4122.0
RNPEP,1,4122.0
UPF3B,1,4122.0
RNMT,1,4122.0
UPRT,1,4122.0
UQCRFS1,1,4122.0
RNGTT,1,4122.0
SLC46A3,1,4122.0
SYS1,1,4122.0
RLF,1,4122.0
RGS6,1,4122.0
VN1R1,1,4122.0
RGS21,1,4122.0
VNN2,1,4122.0
RGS20,1,4122.0
VOPP1,1,4122.0
RGS16,1,4122.0
SUMO2,1,4122.0
RGPD8,1,4122.0
VPS33A,1,4122.0
SLC5A4,1,4122.0
SLC5A7,1,4122.0
VPS41,1,4122.0
RGPD4,1,4122.0
VPS4A,1,4122.0
VPS51,1,4122.0
VPS53,1,4122.0
SLC6A13,1,4122.0
VPS8,1,4122.0
RFX4,1,4122.0
RFTN2,1,4122.0
VSIG8,1,4122.0
VWA3A,1,4122.0
SUCLG1,1,4122.0
SLC6A3,1,4122.0
RFPL3,1,4122.0
SUPT20H,1,4122.0
SUPT6H,1,4122.0
RIPOR3,1,4122.0
SUSD1,1,4122.0
USP44,1,4122.0
USP49,1,4122.0
USP7,1,4122.0
RINT1,1,4122.0
UTP20,1,4122.0
UTP23,1,4122.0
SYNCRIP,1,4122.0
SYMPK,1,4122.0
UTP6,1,4122.0
SYDE2,1,4122.0
SYCP3,1,4122.0
RIN1,1,4122.0
RIMBP2,1,4122.0
SLC4A2,1,4122.0
VAMP1,1,4122.0
SLC4A3,1,4122.0
RHPN1,1,4122.0
VANGL2,1,4122.0
VAT1L,1,4122.0
RHBDF2,1,4122.0
VAV3,1,4122.0
VDAC3,1,4122.0
VEGFC,1,4122.0
VEGFD,1,4122.0
SLC52A2,1,4122.0
RPL22,1,4122.0
RPL22L1,1,4122.0
TAS2R3,1,4122.0
SLC24A2,1,4122.0
TBX19,1,4122.0
TTLL10,1,4122.0
TTLL5,1,4122.0
SLC24A3,1,4122.0
TTLL6,1,4122.0
TTPA,1,4122.0
TBP,1,4122.0
SLC25A21,1,4122.0
TUBE1,1,4122.0
TUBG1,1,4122.0
TUBG2,1,4122.0
TUBGCP2,1,4122.0
TUBGCP3,1,4122.0
RXRG,1,4122.0
TUFM,1,4122.0
TULP4,1,4122.0
TUSC1,1,4122.0
TVP23A,1,4122.0
TWISTNB,1,4122.0
SLC25A28,1,4122.0
SLC25A31,1,4122.0
SLC25A39,1,4122.0
TXNDC16,1,4122.0
TXNDC9,1,4122.0
RUVBL1,1,4122.0
TTI2,1,4122.0
TTC9C,1,4122.0
RUSC2,1,4122.0
S100A12,1,4122.0
TSC22D2,1,4122.0
TCF4,1,4122.0
TSEN2,1,4122.0
TSG101,1,4122.0
TSGA10,1,4122.0
SAMD12,1,4122.0
SALL4,1,4122.0
SALL3,1,4122.0
TCF25,1,4122.0
TSHR,1,4122.0
SAGE1,1,4122.0
TSHZ1,1,4122.0
TSPAN10,1,4122.0
TSPAN16,1,4122.0
TCEA2,1,4122.0
TSPOAP1,1,4122.0
TSPYL1,1,4122.0
SLC22A8,1,4122.0
TCAP,1,4122.0
TTC21A,1,4122.0
TC2N,1,4122.0
SLC23A3,1,4122.0
S100A7,1,4122.0
TTC30B,1,4122.0
TTC39C,1,4122.0
TXNIP,1,4122.0
TXNRD2,1,4122.0
RPL31P11,1,4122.0
UBN2,1,4122.0
SLC30A5,1,4122.0
UBXN7,1,4122.0
UCMA,1,4122.0
RRAS2,1,4122.0
TBC1D3F,1,4122.0
TBC1D31,1,4122.0
SLC35A3,1,4122.0
RPUSD4,1,4122.0
SLC35C1,1,4122.0
UFC1,1,4122.0
SLC35E1,1,4122.0
RPS8,1,4122.0
RPS6KC1,1,4122.0
TBC1D24,1,4122.0
UGT2B11,1,4122.0
TBC1D10C,1,4122.0
RPS6,1,4122.0
UGT8,1,4122.0
RPS5,1,4122.0
SLC35F5,1,4122.0
TAT,1,4122.0
RPS24,1,4122.0
RPRD2,1,4122.0
TAS2R41,1,4122.0
RPRD1B,1,4122.0
UBR2,1,4122.0
UBE4B,1,4122.0
TBL2,1,4122.0
UBE3B,1,4122.0
TYRO3,1,4122.0
RUFY3,1,4122.0
RUBCN,1,4122.0
RTP1,1,4122.0
RTN4IP1,1,4122.0
TYRP1,1,4122.0
SLC27A5,1,4122.0
RTN4,1,4122.0
U2AF2,1,4122.0
RTL4,1,4122.0
TBL1XR1,1,4122.0
UBA6,1,4122.0
RTEL1,1,4122.0
UBA6-AS1,1,4122.0
UBE2D2,1,4122.0
RSPH6A,1,4122.0
UBE2J1,1,4122.0
SLC29A1,1,4122.0
UBE2Q2,1,4122.0
TBL1X,1,4122.0
TBKBP1,1,4122.0
UBE2V2,1,4122.0
RSBN1L,1,4122.0
TBCD,1,4122.0
TBC1D3P2,1,4122.0
A2M,1,4122.0
MEI1,1,4122.0
PRKG2,1,4122.0
DYNC2H1,1,4122.0
E2F5,1,4122.0
EBAG9,1,4122.0
ECEL1,1,4122.0
ECM1,1,4122.0
ECT2,1,4122.0
EDRF1,1,4122.0
EEF1A2,1,4122.0
EEF2K,1,4122.0
EFCAB1,1,4122.0
EFNB2,1,4122.0
EGR1,1,4122.0
EID3,1,4122.0
EIF2A,1,4122.0
EIF2AK2,1,4122.0
EIF2B3,1,4122.0
EIF2S3,1,4122.0
EIF3A,1,4122.0
EIF3B,1,4122.0
EIF3E,1,4122.0
EIF3J,1,4122.0
EIF4A2,1,4122.0
EIF4E1B,1,4122.0
EIF4H,1,4122.0
E2F1,1,4122.0
DYNC1I1,1,4122.0
EIF6,1,4122.0
DVL1,1,4122.0
DNAAF5,1,4122.0
DNAJA4,1,4122.0
DNAJC11,1,4122.0
DNAJC24,1,4122.0
DNMT3A,1,4122.0
DOCK2,1,4122.0
DPYSL5,1,4122.0
DRC7,1,4122.0
DRICH1,1,4122.0
DSEL,1,4122.0
DSG4,1,4122.0
DTD2,1,4122.0
DTL,1,4122.0
DTWD2,1,4122.0
DUOX1,1,4122.0
DUOX2,1,4122.0
DUPD1,1,4122.0
DUSP15,1,4122.0
DUSP16,1,4122.0
DUSP2,1,4122.0
DUSP23,1,4122.0
DUSP27,1,4122.0
DUSP5,1,4122.0
EIF5A2,1,4122.0
ELAC2,1,4122.0
DMXL2,1,4122.0
EPHA1,1,4122.0
EPHA7,1,4122.0
EPHB1,1,4122.0
EPHB3,1,4122.0
EPM2AIP1,1,4122.0
EPS15L1,1,4122.0
EPS8,1,4122.0
EPS8L1,1,4122.0
ERBB3,1,4122.0
ERBB4,1,4122.0
ERCC4,1,4122.0
ERICH1,1,4122.0
ERICH6,1,4122.0
ERICH6B,1,4122.0
ERN1,1,4122.0
ESF1,1,4122.0
ESRRG,1,4122.0
ESYT3,1,4122.0
ETNK1,1,4122.0
ETV3,1,4122.0
EXD2,1,4122.0
EXD3,1,4122.0
EXO1,1,4122.0
EXOC1,1,4122.0
EPHA5,1,4122.0
EPDR1,1,4122.0
ELF4,1,4122.0
EPB41L2,1,4122.0
ELFN1,1,4122.0
ELFN2,1,4122.0
ELK3,1,4122.0
ELMSAN1,1,4122.0
ELOA2,1,4122.0
ELOA3,1,4122.0
ELOB,1,4122.0
ELOC,1,4122.0
ELP4,1,4122.0
EMD,1,4122.0
EMILIN2,1,4122.0
EMILIN3,1,4122.0
EMP2,1,4122.0
EMX1,1,4122.0
ENAM,1,4122.0
ENHO,1,4122.0
ENOSF1,1,4122.0
ENSA,1,4122.0
ENTPD1,1,4122.0
ENTPD5,1,4122.0
ENTPD7,1,4122.0
EP400,1,4122.0
EPB41,1,4122.0
DNA2,1,4122.0
DMTF1,1,4122.0
EXOC6,1,4122.0
CSRNP3,1,4122.0
CSTF2T,1,4122.0
CTAGE1,1,4122.0
CTAGE9,1,4122.0
CTCFL,1,4122.0
CTDP1,1,4122.0
CTH,1,4122.0
CTHRC1,1,4122.0
CTNNBL1,1,4122.0
CTSB,1,4122.0
CTSO,1,4122.0
CTSS,1,4122.0
CTSZ,1,4122.0
CUBN,1,4122.0
CUX1,1,4122.0
CWC25,1,4122.0
CXCL5,1,4122.0
CXCR3,1,4122.0
CYB561A3,1,4122.0
CYHR1,1,4122.0
CYLC1,1,4122.0
CYLC2,1,4122.0
CYP11B1,1,4122.0
CYP19A1,1,4122.0
CST9L,1,4122.0
CSPG5,1,4122.0
CYP2F1,1,4122.0
CSN3,1,4122.0
CPSF3,1,4122.0
CPSF6,1,4122.0
CPSF7,1,4122.0
CPT1A,1,4122.0
CPT1B,1,4122.0
CPZ,1,4122.0
CR1L,1,4122.0
CRABP2,1,4122.0
CRAMP1,1,4122.0
CRAT,1,4122.0
CRB2,1,4122.0
CRBN,1,4122.0
CREG2,1,4122.0
CRHR1,1,4122.0
CRISP1,1,4122.0
CRISP2,1,4122.0
CRISPLD1,1,4122.0
CRLF3,1,4122.0
CRYBA4,1,4122.0
CRYBB2,1,4122.0
CRYM,1,4122.0
CRYZL1,1,4122.0
CSH2,1,4122.0
CYP27A1,1,4122.0
CYP2J2,1,4122.0
DMRTC2,1,4122.0
DDX6,1,4122.0
DEFB112,1,4122.0
DEFB113,1,4122.0
DEFB121,1,4122.0
DEFB136,1,4122.0
DENND3,1,4122.0
DENND5B,1,4122.0
DERL1,1,4122.0
DGKE,1,4122.0
DGKI,1,4122.0
DHRS7C,1,4122.0
DHTKD1,1,4122.0
DHX34,1,4122.0
DHX35,1,4122.0
DISP1,1,4122.0
DISP2,1,4122.0
DKC1,1,4122.0
DKK2,1,4122.0
DLGAP1,1,4122.0
DLGAP5,1,4122.0
DLK1,1,4122.0
DLK2,1,4122.0
DLX3,1,4122.0
DMAP1,1,4122.0
DECR2,1,4122.0
DDX59,1,4122.0
CYP4B1,1,4122.0
DDX46,1,4122.0
CYP4F11,1,4122.0
CYP4F12,1,4122.0
CYP4Z1,1,4122.0
CYTH1,1,4122.0
DAAM1,1,4122.0
DAB1,1,4122.0
DAP,1,4122.0
DBNL,1,4122.0
DCAF17,1,4122.0
DCAF6,1,4122.0
DCAF8L1,1,4122.0
DCC,1,4122.0
DCN,1,4122.0
DCP1A,1,4122.0
DCP1B,1,4122.0
DCP2,1,4122.0
DCTD,1,4122.0
DDI2,1,4122.0
DDIAS,1,4122.0
DDX11,1,4122.0
DDX27,1,4122.0
DDX3X,1,4122.0
DDX42,1,4122.0
EXOC3,1,4122.0
EXOSC5,1,4122.0
PRKCH,1,4122.0
GATA4,1,4122.0
GCDH,1,4122.0
GCGR,1,4122.0
GDA,1,4122.0
GDPD1,1,4122.0
GEMIN2,1,4122.0
GFI1B,1,4122.0
GFM2,1,4122.0
GFPT2,1,4122.0
GFRA4,1,4122.0
GH1,1,4122.0
GH2,1,4122.0
GHDC,1,4122.0
GHR,1,4122.0
GIGYF1,1,4122.0
GIGYF2,1,4122.0
GIMAP8,1,4122.0
GIT1,1,4122.0
GJB5,1,4122.0
GJB7,1,4122.0
GK2,1,4122.0
GLCCI1,1,4122.0
GLDC,1,4122.0
GLI1,1,4122.0
GCAT,1,4122.0
GAPDHS,1,4122.0
GLRA2,1,4122.0
GANAB,1,4122.0
FTSJ3,1,4122.0
FUCA1,1,4122.0
FYB1,1,4122.0
FYCO1,1,4122.0
FZD1,1,4122.0
G3BP2,1,4122.0
G6PD,1,4122.0
GAA,1,4122.0
GAB1,1,4122.0
GAB4,1,4122.0
GABPB2,1,4122.0
GABRA1,1,4122.0
GABRA3,1,4122.0
GABRB1,1,4122.0
GABRB3,1,4122.0
GABRQ,1,4122.0
GABRR2,1,4122.0
GABRR3,1,4122.0
GAK,1,4122.0
GAL,1,4122.0
GALNT3,1,4122.0
GALNT9,1,4122.0
GAN,1,4122.0
GLI4,1,4122.0
GLUD1,1,4122.0
FSCB,1,4122.0
GPR162,1,4122.0
GPR27,1,4122.0
GPR3,1,4122.0
GPR32,1,4122.0
GPR37L1,1,4122.0
GPR45,1,4122.0
GPR50,1,4122.0
GPR55,1,4122.0
GPR75-ASB3,1,4122.0
GPRIN1,1,4122.0
GPRIN2,1,4122.0
GPSM2,1,4122.0
GPT,1,4122.0
GPX2,1,4122.0
GRAMD1B,1,4122.0
GRAMD1C,1,4122.0
GRAMD2A,1,4122.0
GRAMD2B,1,4122.0
GRB7,1,4122.0
GREB1L,1,4122.0
GRID1,1,4122.0
GRIN2B,1,4122.0
GRIN3A,1,4122.0
GRIN3B,1,4122.0
GPR174,1,4122.0
GPR158,1,4122.0
GLYCTK,1,4122.0
GPR152,1,4122.0
GMFB,1,4122.0
GMFG,1,4122.0
GNE,1,4122.0
GNL2,1,4122.0
GNPDA2,1,4122.0
GOLGA1,1,4122.0
GOLGA4,1,4122.0
GOLGA8G,1,4122.0
GOLGB1,1,4122.0
GOLPH3L,1,4122.0
GON4L,1,4122.0
GOPC,1,4122.0
GOT1,1,4122.0
GP6,1,4122.0
GPALPP1,1,4122.0
GPAT2,1,4122.0
GPAT4,1,4122.0
GPATCH1,1,4122.0
GPATCH3,1,4122.0
GPD1,1,4122.0
GPKOW,1,4122.0
GPR108,1,4122.0
GPR137,1,4122.0
FTMT,1,4122.0
FRYL,1,4122.0
EXTL1,1,4122.0
FAM20C,1,4122.0
FAM222B,1,4122.0
FAM46B,1,4122.0
FAM47C,1,4122.0
FAM49A,1,4122.0
FAM49B,1,4122.0
FAM69C,1,4122.0
FAM76A,1,4122.0
FAM81A,1,4122.0
FAM83B,1,4122.0
FAM83C,1,4122.0
FAM90A1,1,4122.0
FAM96A,1,4122.0
FAM98C,1,4122.0
FANCB,1,4122.0
FANCG,1,4122.0
FAP,1,4122.0
FASLG,1,4122.0
FASTKD2,1,4122.0
FASTKD3,1,4122.0
FAT2,1,4122.0
FAU,1,4122.0
FBF1,1,4122.0
FBLN2,1,4122.0
FAM217B,1,4122.0
FAM200B,1,4122.0
FBXO24,1,4122.0
FAM19A4,1,4122.0
EXTL3,1,4122.0
EYA2,1,4122.0
FAAH,1,4122.0
FABP9,1,4122.0
FAM104A,1,4122.0
FAM107B,1,4122.0
FAM114A1,1,4122.0
FAM114A2,1,4122.0
FAM118A,1,4122.0
FAM131B,1,4122.0
FAM135A,1,4122.0
FAM136A,1,4122.0
FAM163A,1,4122.0
FAM166A,1,4122.0
FAM167A,1,4122.0
FAM167B,1,4122.0
FAM168A,1,4122.0
FAM178B,1,4122.0
FAM180B,1,4122.0
FAM185A,1,4122.0
FAM186A,1,4122.0
FAM199X,1,4122.0
FAM19A1,1,4122.0
FBXO16,1,4122.0
FBXO27,1,4122.0
FRMD5,1,4122.0
FKBP10,1,4122.0
FKBP9,1,4122.0
FKBPL,1,4122.0
FLI1,1,4122.0
FLII,1,4122.0
FLNB,1,4122.0
FLRT3,1,4122.0
FLVCR1,1,4122.0
FMN1,1,4122.0
FMO6P,1,4122.0
FMO9P,1,4122.0
FMR1NB,1,4122.0
FNDC7,1,4122.0
FNIP1,1,4122.0
FOLR1,1,4122.0
FOSL1,1,4122.0
FOXC2,1,4122.0
FOXD4L5,1,4122.0
FOXE3,1,4122.0
FOXL2,1,4122.0
FOXP1,1,4122.0
FPR3,1,4122.0
FREM1,1,4122.0
FRMD4A,1,4122.0
FKBP6,1,4122.0
FITM2,1,4122.0
FBXO28,1,4122.0
FILIP1L,1,4122.0
FBXO43,1,4122.0
FBXO47,1,4122.0
FBXW5,1,4122.0
FCAMR,1,4122.0
FCAR,1,4122.0
FCER1A,1,4122.0
FCGR1A,1,4122.0
FCGR3B,1,4122.0
FCRL2,1,4122.0
FDX2,1,4122.0
FECH,1,4122.0
FERMT2,1,4122.0
FGB,1,4122.0
FGD5,1,4122.0
FGD6,1,4122.0
FGF10,1,4122.0
FGF12,1,4122.0
FGF4,1,4122.0
FGFR4,1,4122.0
FHL5,1,4122.0
FIBIN,1,4122.0
FIGLA,1,4122.0
FIGNL1,1,4122.0
CPNE2,1,4122.0
CPN2,1,4122.0
CPM,1,4122.0
ARHGAP40,1,4122.0
ARHGEF28,1,4122.0
ARHGEF6,1,4122.0
ARID1B,1,4122.0
ARID2,1,4122.0
ARID3A,1,4122.0
ARID4A,1,4122.0
ARL13B,1,4122.0
ARL8A,1,4122.0
ARMC8,1,4122.0
ARPC1A,1,4122.0
ARSB,1,4122.0
ARSG,1,4122.0
ASB12,1,4122.0
ASB13,1,4122.0
ASB2,1,4122.0
ASB9,1,4122.0
ASGR1,1,4122.0
ASH1L,1,4122.0
ASIC1,1,4122.0
ASNA1,1,4122.0
ASPH,1,4122.0
ASPHD1,1,4122.0
ASPSCR1,1,4122.0
ARHGEF15,1,4122.0
ARHGAP29,1,4122.0
ASXL1,1,4122.0
ARHGAP21,1,4122.0
AOX1,1,4122.0
AP1M2,1,4122.0
AP3M1,1,4122.0
AP5B1,1,4122.0
APBB3,1,4122.0
APCDD1L,1,4122.0
APEX1,1,4122.0
APLF,1,4122.0
APOBEC4,1,4122.0
APOH,1,4122.0
APOL5,1,4122.0
APTX,1,4122.0
AQP4,1,4122.0
AQP8,1,4122.0
AQR,1,4122.0
ARAP1,1,4122.0
AREG,1,4122.0
ARF6,1,4122.0
ARFGEF3,1,4122.0
ARFIP1,1,4122.0
ARFRP1,1,4122.0
ARHGAP10,1,4122.0
ARHGAP11A,1,4122.0
ASTL,1,4122.0
ASXL2,1,4122.0
ANTXR1,1,4122.0
B3GALNT1,1,4122.0
B3GAT1,1,4122.0
B3GAT3,1,4122.0
B3GLCT,1,4122.0
B4GALNT2,1,4122.0
B4GALT3,1,4122.0
B4GALT5,1,4122.0
BAIAP3,1,4122.0
BAK1,1,4122.0
BAMBI,1,4122.0
BAP1,1,4122.0
BASP1,1,4122.0
BAZ2A,1,4122.0
BAZ2B,1,4122.0
BBOF1,1,4122.0
BBS10,1,4122.0
BBS5,1,4122.0
BBS7,1,4122.0
BBX,1,4122.0
BCAP31,1,4122.0
BCAS1,1,4122.0
BCAT1,1,4122.0
BCKDK,1,4122.0
BCL6,1,4122.0
B3GALT2,1,4122.0
AZGP1,1,4122.0
ATF6B,1,4122.0
AXDND1,1,4122.0
ATF7IP,1,4122.0
ATG10,1,4122.0
ATG14,1,4122.0
ATG2A,1,4122.0
ATG4C,1,4122.0
ATG7,1,4122.0
ATG9B,1,4122.0
ATP12A,1,4122.0
ATP13A3,1,4122.0
ATP23,1,4122.0
ATP2B1,1,4122.0
ATP5B,1,4122.0
ATP6V0A1,1,4122.0
ATP6V1B2,1,4122.0
ATP8B4,1,4122.0
ATRNL1,1,4122.0
ATXN2,1,4122.0
AUH,1,4122.0
AURKA,1,4122.0
AUTS2,1,4122.0
AVIL,1,4122.0
AVL9,1,4122.0
AVPR1B,1,4122.0
ANTXR2,1,4122.0
ANP32B,1,4122.0
CPB1,1,4122.0
ACCSL,1,4122.0
ACKR1,1,4122.0
ACSF2,1,4122.0
ACTA1,1,4122.0
ACTBL2,1,4122.0
ACTL6A,1,4122.0
ACTN4,1,4122.0
ACVRL1,1,4122.0
ADAM11,1,4122.0
ADAM23,1,4122.0
ADAM29,1,4122.0
ADAMDEC1,1,4122.0
ADAMTS18,1,4122.0
ADAMTS20,1,4122.0
ADAMTS6,1,4122.0
ADAMTS7,1,4122.0
ADAMTSL3,1,4122.0
ADARB2,1,4122.0
ADCYAP1R1,1,4122.0
ADD1,1,4122.0
ADGB,1,4122.0
ADGRA1,1,4122.0
ADGRB1,1,4122.0
ADGRB3,1,4122.0
ACIN1,1,4122.0
ACBD5,1,4122.0
ADGRF2,1,4122.0
ACADSB,1,4122.0
A4GNT,1,4122.0
AACS,1,4122.0
AADAC,1,4122.0
AAR2,1,4122.0
AASDHPPT,1,4122.0
ABCA1,1,4122.0
ABCA3,1,4122.0
ABCA7,1,4122.0
ABCA9,1,4122.0
ABCB4,1,4122.0
ABCC3,1,4122.0
ABCC9,1,4122.0
ABCD1,1,4122.0
ABCF1,1,4122.0
ABCF2,1,4122.0
ABHD12B,1,4122.0
ABHD15,1,4122.0
ABHD17C,1,4122.0
ABHD6,1,4122.0
ABI3,1,4122.0
ABR,1,4122.0
ABRA,1,4122.0
ABT1,1,4122.0
ADGRE5,1,4122.0
ADGRF4,1,4122.0
ANKS1B,1,4122.0
ALG10,1,4122.0
ALPI,1,4122.0
ALPK1,1,4122.0
ALPP,1,4122.0
AMIGO2,1,4122.0
AMOTL2,1,4122.0
AMPD1,1,4122.0
AMT,1,4122.0
AMZ1,1,4122.0
ANAPC5,1,4122.0
ANAPC7,1,4122.0
ANGEL2,1,4122.0
ANGPT1,1,4122.0
ANGPT4,1,4122.0
ANKAR,1,4122.0
ANKDD1A,1,4122.0
ANKIB1,1,4122.0
ANKLE2,1,4122.0
ANKRD13B,1,4122.0
ANKRD17,1,4122.0
ANKRD20A8P,1,4122.0
ANKRD29,1,4122.0
ANKRD36,1,4122.0
ANKRD61,1,4122.0
ALLC,1,4122.0
ALDOA,1,4122.0
ADGRG4,1,4122.0
ALDH9A1,1,4122.0
ADGRG7,1,4122.0
ADGRL3,1,4122.0
ADH5,1,4122.0
ADIPOR1,1,4122.0
ADPRHL2,1,4122.0
ADRA1A,1,4122.0
ADRA2A,1,4122.0
AFF2,1,4122.0
AFM,1,4122.0
AFMID,1,4122.0
AGA,1,4122.0
AGAP3,1,4122.0
AGBL5,1,4122.0
AGPAT5,1,4122.0
AGTR1,1,4122.0
AHCTF1,1,4122.0
AJAP1,1,4122.0
AKAP1,1,4122.0
AKAP12,1,4122.0
AKR1D1,1,4122.0
AKR1E2,1,4122.0
AKT3,1,4122.0
ALDH1L1,1,4122.0
BCL7B,1,4122.0
BHMT2,1,4122.0
BICC1,1,4122.0
CDK7,1,4122.0
CDKN1B,1,4122.0
CDNF,1,4122.0
CDSN,1,4122.0
CELA2B,1,4122.0
CELF2,1,4122.0
CELF6,1,4122.0
CENPU,1,4122.0
CEP120,1,4122.0
CEP126,1,4122.0
CEP192,1,4122.0
CEP250,1,4122.0
CEP85,1,4122.0
CEP95,1,4122.0
CERS4,1,4122.0
CES1,1,4122.0
CES5A,1,4122.0
CETN3,1,4122.0
CFAP70,1,4122.0
CHAF1A,1,4122.0
CHD1L,1,4122.0
CHD3,1,4122.0
CHD7,1,4122.0
CHI3L2,1,4122.0
CDKAL1,1,4122.0
CDK5RAP2,1,4122.0
CHN2,1,4122.0
CDK2AP2,1,4122.0
CD163,1,4122.0
CD1A,1,4122.0
CD1E,1,4122.0
CD207,1,4122.0
CD226,1,4122.0
CD244,1,4122.0
CD276,1,4122.0
CD300A,1,4122.0
CD55,1,4122.0
CD58,1,4122.0
CD5L,1,4122.0
CD86,1,4122.0
CD8B,1,4122.0
CDC14A,1,4122.0
CDC27,1,4122.0
CDC42BPB,1,4122.0
CDCA7,1,4122.0
CDCA7L,1,4122.0
CDH11,1,4122.0
CDH20,1,4122.0
CDH5,1,4122.0
CDK11B,1,4122.0
CDK17,1,4122.0
CHIA,1,4122.0
CHP2,1,4122.0
BIRC2,1,4122.0
CMIP,1,4122.0
CNGA1,1,4122.0
CNNM3,1,4122.0
CNTLN,1,4122.0
CNTRL,1,4122.0
COA4,1,4122.0
COBLL1,1,4122.0
COG6,1,4122.0
COG8,1,4122.0
COL17A1,1,4122.0
COL1A2,1,4122.0
COL4A2,1,4122.0
COPE,1,4122.0
COPS5,1,4122.0
COPS6,1,4122.0
COPZ2,1,4122.0
COQ3,1,4122.0
CORO1A,1,4122.0
CORO2A,1,4122.0
CORO7-PAM16,1,4122.0
COX10,1,4122.0
COX6A1,1,4122.0
COX6C,1,4122.0
CPA3,1,4122.0
CNDP1,1,4122.0
CLUAP1,1,4122.0
CHPT1,1,4122.0
CLTC,1,4122.0
CHRD,1,4122.0
CHRNA3,1,4122.0
CHRNB2,1,4122.0
CHST5,1,4122.0
CHST8,1,4122.0
CHST9,1,4122.0
CHSY3,1,4122.0
CIART,1,4122.0
CIC,1,4122.0
CIDEA,1,4122.0
CISD3,1,4122.0
CKMT1B,1,4122.0
CLASP2,1,4122.0
CLCN2,1,4122.0
CLCNKB,1,4122.0
CLDN1,1,4122.0
CLEC9A,1,4122.0
CLIP2,1,4122.0
CLN3,1,4122.0
CLN6,1,4122.0
CLN8,1,4122.0
CLOCK,1,4122.0
CLPB,1,4122.0
CCT6B,1,4122.0
CCT6A,1,4122.0
CCT2,1,4122.0
C16orf71,1,4122.0
C17orf58,1,4122.0
C17orf67,1,4122.0
C17orf78,1,4122.0
C17orf98,1,4122.0
C19orf12,1,4122.0
C19orf57,1,4122.0
C1GALT1,1,4122.0
C1QTNF2,1,4122.0
C1RL,1,4122.0
C1orf189,1,4122.0
C20orf194,1,4122.0
C20orf202,1,4122.0
C3orf79,1,4122.0
C4BPA,1,4122.0
C4orf19,1,4122.0
C5,1,4122.0
C5AR1,1,4122.0
C5orf38,1,4122.0
C6orf106,1,4122.0
C6orf118,1,4122.0
C6orf163,1,4122.0
C8orf31,1,4122.0
C9,1,4122.0
C16orf89,1,4122.0
C14orf93,1,4122.0
CCS,1,4122.0
C12orf42,1,4122.0
BIRC6,1,4122.0
BIRC7,1,4122.0
BIVM-ERCC5,1,4122.0
BLZF1,1,4122.0
BMP10,1,4122.0
BMP15,1,4122.0
BMPER,1,4122.0
BNIPL,1,4122.0
BOLA1,1,4122.0
BPIFB4,1,4122.0
BPNT1,1,4122.0
BRAT1,1,4122.0
BRD4,1,4122.0
BRDT,1,4122.0
BRMS1L,1,4122.0
BRSK1,1,4122.0
BRWD1,1,4122.0
BSX,1,4122.0
BTG3,1,4122.0
BTN3A3,1,4122.0
C11orf80,1,4122.0
C11orf84,1,4122.0
C11orf86,1,4122.0
C9orf84,1,4122.0
CAAP1,1,4122.0
CABLES1,1,4122.0
CABLES2,1,4122.0
CC2D1A,1,4122.0
CCAR1,1,4122.0
CCDC102B,1,4122.0
CCDC105,1,4122.0
CCDC112,1,4122.0
CCDC115,1,4122.0
CCDC138,1,4122.0
CCDC142,1,4122.0
CCDC150,1,4122.0
CCDC183,1,4122.0
CCDC36,1,4122.0
CCDC38,1,4122.0
CCDC40,1,4122.0
CCDC50,1,4122.0
CCDC6,1,4122.0
CCDC77,1,4122.0
CCDC80,1,4122.0
CCDC88B,1,4122.0
CCDC88C,1,4122.0
CCL28,1,4122.0
CCNF,1,4122.0
CCNG1,1,4122.0
CCR7,1,4122.0
CBX5,1,4122.0
CBX4,1,4122.0
CBWD6,1,4122.0
CAND2,1,4122.0
CACNA1G,1,4122.0
CACNA1S,1,4122.0
CACNG2,1,4122.0
CACNG4,1,4122.0
CADM3,1,4122.0
CALML5,1,4122.0
CAMK1D,1,4122.0
CAMKK2,1,4122.0
CAMSAP1,1,4122.0
CAMTA1,1,4122.0
CAP1,1,4122.0
CBLN4,1,4122.0
CAPG,1,4122.0
CAPRIN2,1,4122.0
CARD11,1,4122.0
CARD6,1,4122.0
CARNS1,1,4122.0
CASC18,1,4122.0
CASC3,1,4122.0
CATSPERD,1,4122.0
CATSPERE,1,4122.0
CBARP,1,4122.0
GRK5,1,4122.0
GRK6,1,4122.0
GRM3,1,4122.0
NR1H4,1,4122.0
NR4A1,1,4122.0
NRBF2,1,4122.0
NRG3,1,4122.0
NRIP1,1,4122.0
NRP2,1,4122.0
NRROS,1,4122.0
NRSN1,1,4122.0
NSF,1,4122.0
NSL1,1,4122.0
NSMAF,1,4122.0
NSMCE1,1,4122.0
NSMCE2,1,4122.0
NSUN6,1,4122.0
NTMT1,1,4122.0
NTNG1,1,4122.0
NUAK2,1,4122.0
NUBP2,1,4122.0
NUDCD1,1,4122.0
NUDT15,1,4122.0
NUDT16,1,4122.0
NUDT2,1,4122.0
NUDT3,1,4122.0
NUMA1,1,4122.0
NR2F1,1,4122.0
NR1D1,1,4122.0
NUP153,1,4122.0
NPSR1,1,4122.0
NME2,1,4122.0
NME7,1,4122.0
NME9,1,4122.0
NMS,1,4122.0
NMT1,1,4122.0
NNMT,1,4122.0
NNT,1,4122.0
NOCT,1,4122.0
NOD1,1,4122.0
NOL4,1,4122.0
NOLC1,1,4122.0
NOM1,1,4122.0
NOMO3,1,4122.0
NOSIP,1,4122.0
NOTCH4,1,4122.0
NOV,1,4122.0
NOX1,1,4122.0
NPAP1,1,4122.0
NPAS2,1,4122.0
NPBWR2,1,4122.0
NPEPPS,1,4122.0
NPHP1,1,4122.0
NPIPA1,1,4122.0
NUMB,1,4122.0
NUP155,1,4122.0
NLRP3,1,4122.0
OR13C5,1,4122.0
OR13G1,1,4122.0
OR13H1,1,4122.0
OR13J1,1,4122.0
OR14J1,1,4122.0
OR1M1,1,4122.0
OR2A2,1,4122.0
OR2AG1,1,4122.0
OR2AK2,1,4122.0
OR2B11,1,4122.0
OR2B6,1,4122.0
OR2K2,1,4122.0
OR2M4,1,4122.0
OR2T12,1,4122.0
OR2T29,1,4122.0
OR2T3,1,4122.0
OR2T33,1,4122.0
OR2Z1,1,4122.0
OR3A3,1,4122.0
OR4A16,1,4122.0
OR4A5,1,4122.0
OR4C6,1,4122.0
OR4D5,1,4122.0
OR4F6,1,4122.0
OR13D1,1,4122.0
OR10J1,1,4122.0
NUP205,1,4122.0
OR10H2,1,4122.0
NUP210,1,4122.0
NUP50,1,4122.0
NUP54,1,4122.0
NUSAP1,1,4122.0
NUTM2F,1,4122.0
NVL,1,4122.0
NWD1,1,4122.0
NXN,1,4122.0
NXPE3,1,4122.0
NXPH3,1,4122.0
OBSL1,1,4122.0
OC90,1,4122.0
ODAM,1,4122.0
ODF3L2,1,4122.0
OGDH,1,4122.0
OGT,1,4122.0
OIT3,1,4122.0
OLFML2A,1,4122.0
OMP,1,4122.0
OPA3,1,4122.0
OPCML,1,4122.0
OPHN1,1,4122.0
OR10G9,1,4122.0
NME1,1,4122.0
NLRP2,1,4122.0
MMS22L,1,4122.0
MRPL52,1,4122.0
MRPS2,1,4122.0
MRPS5,1,4122.0
MRTO4,1,4122.0
MS4A6E,1,4122.0
MSH6,1,4122.0
MSL1,1,4122.0
MST1R,1,4122.0
MTA1,1,4122.0
MTBP,1,4122.0
MTDH,1,4122.0
MTF2,1,4122.0
MTIF2,1,4122.0
MTMR1,1,4122.0
MTMR10,1,4122.0
MTO1,1,4122.0
MTUS1,1,4122.0
MTUS2,1,4122.0
MTX1,1,4122.0
MUC1,1,4122.0
MUC7,1,4122.0
MUTYH,1,4122.0
MYB,1,4122.0
MYBPC2,1,4122.0
MRPL55,1,4122.0
MRPL3,1,4122.0
MYF5,1,4122.0
MRPL15,1,4122.0
MOCOS,1,4122.0
MOGAT3,1,4122.0
MORC1,1,4122.0
MORC3,1,4122.0
MORC4,1,4122.0
MORF4L1,1,4122.0
MORN1,1,4122.0
MOV10L1,1,4122.0
MOXD1,1,4122.0
MPC2,1,4122.0
MPDU1,1,4122.0
MPDZ,1,4122.0
MPHOSPH10,1,4122.0
MPHOSPH6,1,4122.0
MPLKIP,1,4122.0
MPP4,1,4122.0
MPV17L2,1,4122.0
MRGPRX1,1,4122.0
MRGPRX3,1,4122.0
MRGPRX4,1,4122.0
MRM3,1,4122.0
MROH8,1,4122.0
MROH9,1,4122.0
MYCT1,1,4122.0
MYH14,1,4122.0
NLRP13,1,4122.0
NCKAP1,1,4122.0
NCKAP5,1,4122.0
NCOA6,1,4122.0
NCOA7,1,4122.0
NCOR2,1,4122.0
NDUFA1,1,4122.0
NDUFV2,1,4122.0
NECAP1,1,4122.0
NEDD9,1,4122.0
NEFH,1,4122.0
NEIL2,1,4122.0
NEK5,1,4122.0
NEK7,1,4122.0
NELFCD,1,4122.0
NFATC2IP,1,4122.0
NFE2L3,1,4122.0
NFKBIE,1,4122.0
NID1,1,4122.0
NINL,1,4122.0
NIT2,1,4122.0
NKAP,1,4122.0
NKX6-3,1,4122.0
NLRP1,1,4122.0
NLRP10,1,4122.0
NCKAP1L,1,4122.0
NCF1,1,4122.0
MYH2,1,4122.0
NBPF9,1,4122.0
MYH6,1,4122.0
MYH9,1,4122.0
MYLK,1,4122.0
MYLPF,1,4122.0
MYO18B,1,4122.0
MYO1D,1,4122.0
MYO3B,1,4122.0
MYOM3,1,4122.0
MYOZ1,1,4122.0
MYPN,1,4122.0
MYT1L,1,4122.0
NAA35,1,4122.0
NAF1,1,4122.0
NAIP,1,4122.0
NANOG,1,4122.0
NANOS3,1,4122.0
NAP1L1,1,4122.0
NAP1L4,1,4122.0
NAT1,1,4122.0
NAT10,1,4122.0
NAXE,1,4122.0
NBEAL2,1,4122.0
NBPF8,1,4122.0
OR4K14,1,4122.0
OR4K17,1,4122.0
OR4M1,1,4122.0
PLA2G4A,1,4122.0
PLCD4,1,4122.0
PLD1,1,4122.0
PLEKHA1,1,4122.0
PLEKHA5,1,4122.0
PLEKHA6,1,4122.0
PLEKHG6,1,4122.0
PLEKHG7,1,4122.0
PLEKHM1P1,1,4122.0
PLEKHO1,1,4122.0
PLG,1,4122.0
PLIN1,1,4122.0
PLK2,1,4122.0
PLK4,1,4122.0
PLS1,1,4122.0
PLVAP,1,4122.0
PLXDC1,1,4122.0
PM20D1,1,4122.0
PMAIP1,1,4122.0
PML,1,4122.0
PMP2,1,4122.0
PNLDC1,1,4122.0
PNPLA6,1,4122.0
POC1A,1,4122.0
PLCD1,1,4122.0
PLA2G3,1,4122.0
PODXL2,1,4122.0
PLA2G12A,1,4122.0
PHF8,1,4122.0
PHIP,1,4122.0
PHYH,1,4122.0
PI4KA,1,4122.0
PIAS3,1,4122.0
PIAS4,1,4122.0
PICALM,1,4122.0
PIDD1,1,4122.0
PIFO,1,4122.0
PIGC,1,4122.0
PIGS,1,4122.0
PIK3R2,1,4122.0
PINLYP,1,4122.0
PIP5K1A,1,4122.0
PIPOX,1,4122.0
PIPSL,1,4122.0
PIR,1,4122.0
PITRM1,1,4122.0
PKIA,1,4122.0
PKN2,1,4122.0
PKNOX2,1,4122.0
PKP1,1,4122.0
PKP2,1,4122.0
PODN,1,4122.0
POGZ,1,4122.0
OR51E2,1,4122.0
PPME1,1,4122.0
PPP1R3A,1,4122.0
PPP1R42,1,4122.0
PPP2R5A,1,4122.0
PPP3CC,1,4122.0
PPP4R4,1,4122.0
PRAM1,1,4122.0
PRAMEF4,1,4122.0
PRB2,1,4122.0
PRB4,1,4122.0
PRDM10,1,4122.0
PRDM14,1,4122.0
PRDX2,1,4122.0
PRDX5,1,4122.0
PRELP,1,4122.0
PREP,1,4122.0
PREPL,1,4122.0
PRH1,1,4122.0
PRICKLE2,1,4122.0
PRIMA1,1,4122.0
PRKAA1,1,4122.0
PRKAA2,1,4122.0
PRKCB,1,4122.0
PRKCD,1,4122.0
PPP1R13L,1,4122.0
PPM1L,1,4122.0
POLD2,1,4122.0
PPM1F,1,4122.0
POLE2,1,4122.0
POLR1E,1,4122.0
POLR2C,1,4122.0
POLR3B,1,4122.0
POMGNT1,1,4122.0
POP4,1,4122.0
POP7,1,4122.0
PORCN,1,4122.0
POSTN,1,4122.0
POTEE,1,4122.0
POTEF,1,4122.0
POU2F3,1,4122.0
POU4F2,1,4122.0
PPAN-P2RY11,1,4122.0
PPARA,1,4122.0
PPARGC1B,1,4122.0
PPEF1,1,4122.0
PPFIA1,1,4122.0
PPFIBP1,1,4122.0
PPHLN1,1,4122.0
PPIE,1,4122.0
PPIG,1,4122.0
PPL,1,4122.0
PHF6,1,4122.0
PHF19,1,4122.0
PHF11,1,4122.0
OVGP1,1,4122.0
OXCT2,1,4122.0
OXR1,1,4122.0
P2RX4,1,4122.0
P2RY13,1,4122.0
PABPC1,1,4122.0
PABPC4,1,4122.0
PAGR1,1,4122.0
PAK6,1,4122.0
PALD1,1,4122.0
PALLD,1,4122.0
PAN2,1,4122.0
PAPD5,1,4122.0
PAPSS2,1,4122.0
PAQR6,1,4122.0
PARD3B,1,4122.0
PARD6A,1,4122.0
PARD6B,1,4122.0
PARM1,1,4122.0
PARP1,1,4122.0
PARP6,1,4122.0
PARVB,1,4122.0
PATJ,1,4122.0
PAX5,1,4122.0
OXCT1,1,4122.0
OTX2-AS1,1,4122.0
PHF1,1,4122.0
OTX2,1,4122.0
OR51M1,1,4122.0
OR52B2,1,4122.0
OR52J3,1,4122.0
OR52L1,1,4122.0
OR56A3,1,4122.0
OR5A1,1,4122.0
OR5AU1,1,4122.0
OR5B12,1,4122.0
OR5F1,1,4122.0
OR5J2,1,4122.0
OR6C6,1,4122.0
OR6N2,1,4122.0
OR6Q1,1,4122.0
OR7G2,1,4122.0
OR8B12,1,4122.0
ORAOV1,1,4122.0
ORC2,1,4122.0
OSBPL8,1,4122.0
OSCP1,1,4122.0
OSR2,1,4122.0
OTOA,1,4122.0
OTOP3,1,4122.0
OTUD6B,1,4122.0
PCDH10,1,4122.0
PCDH18,1,4122.0
PCDH7,1,4122.0
PCDHA1,1,4122.0
PDE6B,1,4122.0
PDE8B,1,4122.0
PDHX,1,4122.0
PDK2,1,4122.0
PDLIM5,1,4122.0
PDZD2,1,4122.0
PDZD4,1,4122.0
PDZRN4,1,4122.0
PEAK1,1,4122.0
PEAR1,1,4122.0
PELI2,1,4122.0
PER1,1,4122.0
PES1,1,4122.0
PEX11A,1,4122.0
PEX5,1,4122.0
PFDN4,1,4122.0
PGLS,1,4122.0
PGLYRP2,1,4122.0
PGLYRP3,1,4122.0
PGLYRP4,1,4122.0
PGM2,1,4122.0
PHACTR2,1,4122.0
PHB2,1,4122.0
PDE6A,1,4122.0
PDE3A,1,4122.0
PDCD6,1,4122.0
PCDHGA1,1,4122.0
PCDHA2,1,4122.0
PCDHA5,1,4122.0
PCDHA6,1,4122.0
PCDHA7,1,4122.0
PCDHAC1,1,4122.0
PCDHB10,1,4122.0
PCDHB12,1,4122.0
PCDHB14,1,4122.0
PCDHB15,1,4122.0
PCDHB8,1,4122.0
PCDHGA10,1,4122.0
PDCD11,1,4122.0
PCDHGA4,1,4122.0
PCDHGA5,1,4122.0
PCDHGA9,1,4122.0
PCED1B,1,4122.0
PCGF2,1,4122.0
PCID2,1,4122.0
PCIF1,1,4122.0
PCK2,1,4122.0
PCMTD1,1,4122.0
PCSK7,1,4122.0
MOAP1,1,4122.0
MMP20,1,4122.0
GRM4,1,4122.0
IQCF1,1,4122.0
IQGAP2,1,4122.0
IQGAP3,1,4122.0
IRAK1,1,4122.0
IRAK3,1,4122.0
IRF2BP1,1,4122.0
IRF5,1,4122.0
IRGM,1,4122.0
IRS4,1,4122.0
IRX5,1,4122.0
ISG20L2,1,4122.0
ISX,1,4122.0
ITFG1,1,4122.0
ITFG2,1,4122.0
ITGA10,1,4122.0
ITGA8,1,4122.0
ITGAL,1,4122.0
ITGB2,1,4122.0
ITGB8,1,4122.0
ITIH5,1,4122.0
ITLN1,1,4122.0
ITLN2,1,4122.0
ITPKC,1,4122.0
JAK3,1,4122.0
IQCJ-SCHIP1,1,4122.0
IPO8,1,4122.0
JPH2,1,4122.0
INTS13,1,4122.0
IKBKB,1,4122.0
IKZF4,1,4122.0
IKZF5,1,4122.0
IL12RB1,1,4122.0
IL15RA,1,4122.0
IL17RA,1,4122.0
IL20,1,4122.0
IL21,1,4122.0
IL2RG,1,4122.0
IL36RN,1,4122.0
IL6R,1,4122.0
ILDR2,1,4122.0
ILVBL,1,4122.0
IMPG2,1,4122.0
INAVA,1,4122.0
ING1,1,4122.0
ING4,1,4122.0
INHBA,1,4122.0
INO80D,1,4122.0
INPP5E,1,4122.0
INSC,1,4122.0
INSRR,1,4122.0
INTS1,1,4122.0
JAKMIP3,1,4122.0
KANK1,1,4122.0
IGSF9,1,4122.0
KIAA1024,1,4122.0
KIAA1109,1,4122.0
KIAA1456,1,4122.0
KIAA1549L,1,4122.0
KIAA1614,1,4122.0
KIAA1683,1,4122.0
KIDINS220,1,4122.0
KIF13B,1,4122.0
KIF18A,1,4122.0
KIF19,1,4122.0
KIF1B,1,4122.0
KIF21A,1,4122.0
KIF2C,1,4122.0
KIF9,1,4122.0
KIFAP3,1,4122.0
KITLG,1,4122.0
KLF11,1,4122.0
KLF2,1,4122.0
KLF6,1,4122.0
KLHDC7B,1,4122.0
KLHL12,1,4122.0
KLHL15,1,4122.0
KLHL17,1,4122.0
KLHL23,1,4122.0
KIAA1107,1,4122.0
KIAA0895L,1,4122.0
KANSL1,1,4122.0
KIAA0825,1,4122.0
KAT7,1,4122.0
KBTBD3,1,4122.0
KCNA6,1,4122.0
KCNC1,1,4122.0
KCND2,1,4122.0
KCNH2,1,4122.0
KCNIP2,1,4122.0
KCNJ14,1,4122.0
KCNK10,1,4122.0
KCNK17,1,4122.0
KCNK2,1,4122.0
KCNMB2,1,4122.0
KCNQ5,1,4122.0
KCNS1,1,4122.0
KCNV1,1,4122.0
KDM2B,1,4122.0
KDM6A,1,4122.0
KERA,1,4122.0
KIAA0100,1,4122.0
KIAA0232,1,4122.0
KIAA0319L,1,4122.0
KIAA0408,1,4122.0
KIAA0586,1,4122.0
IKBIP,1,4122.0
IGSF10,1,4122.0
MMP17,1,4122.0
HECW2,1,4122.0
HEPACAM2,1,4122.0
HERC2,1,4122.0
HEXA,1,4122.0
HEXB,1,4122.0
HFM1,1,4122.0
HHIPL2,1,4122.0
HINFP,1,4122.0
HIP1,1,4122.0
HIPK1,1,4122.0
HIPK2,1,4122.0
HIPK3,1,4122.0
HIST1H2AC,1,4122.0
HIST1H2AE,1,4122.0
HIST1H2BJ,1,4122.0
HIST1H3B,1,4122.0
HIST2H2AB,1,4122.0
HIST3H2BB,1,4122.0
HIST3H3,1,4122.0
HIVEP2,1,4122.0
HIVEP3,1,4122.0
HK3,1,4122.0
HLA-A,1,4122.0
HLA-C,1,4122.0
HELT,1,4122.0
HECA,1,4122.0
HLA-F,1,4122.0
HDDC2,1,4122.0
GRM6,1,4122.0
GSAP,1,4122.0
GSDMB,1,4122.0
GSDMC,1,4122.0
GSPT1,1,4122.0
GSS,1,4122.0
GSTCD,1,4122.0
GTF2H1,1,4122.0
GTF2IRD1P1,1,4122.0
GTF2IRD2,1,4122.0
GTPBP4,1,4122.0
GUCA1C,1,4122.0
GYPA,1,4122.0
GZF1,1,4122.0
GZMA,1,4122.0
H2AFZ,1,4122.0
HAMP,1,4122.0
HARBI1,1,4122.0
HAT1,1,4122.0
HAUS3,1,4122.0
HAUS5,1,4122.0
HAUS7,1,4122.0
HDAC2,1,4122.0
HLA-DRB1,1,4122.0
HLX,1,4122.0
IGSF1,1,4122.0
HSP90B1,1,4122.0
HSPB1,1,4122.0
HSPD1,1,4122.0
HSPH1,1,4122.0
HTR1B,1,4122.0
HTR3E,1,4122.0
IAH1,1,4122.0
IAPP,1,4122.0
IARS,1,4122.0
IBA57,1,4122.0
ICAM3,1,4122.0
ICE2,1,4122.0
IER5,1,4122.0
IFNA1,1,4122.0
IFNA10,1,4122.0
IFNA14,1,4122.0
IFNA2,1,4122.0
IFNG,1,4122.0
IFNGR1,1,4122.0
IFT122,1,4122.0
IFT27,1,4122.0
IGF1R,1,4122.0
IGF2BP2,1,4122.0
IGFBP5,1,4122.0
HSPA12A,1,4122.0
HSP90AB1,1,4122.0
HMCES,1,4122.0
HSFX1,1,4122.0
HMOX2,1,4122.0
HNF1A,1,4122.0
HNRNPH2,1,4122.0
HNRNPUL1,1,4122.0
HNRNPUL2,1,4122.0
HOXA1,1,4122.0
HOXB1,1,4122.0
HOXB13,1,4122.0
HOXB2,1,4122.0
HOXB6,1,4122.0
HOXB8,1,4122.0
HP1BP3,1,4122.0
HPCA,1,4122.0
HPCAL1,1,4122.0
HPD,1,4122.0
HPS3,1,4122.0
HPSE2,1,4122.0
HRASLS,1,4122.0
HSD11B1,1,4122.0
HSD17B4,1,4122.0
HSD17B7P2,1,4122.0
HSD3B2,1,4122.0
HSF1,1,4122.0
KLHL29,1,4122.0
KLHL3,1,4122.0
KLHL31,1,4122.0
MAN1B1,1,4122.0
MAP1B,1,4122.0
MAP2K1,1,4122.0
MAP2K3,1,4122.0
MAP2K7,1,4122.0
MAP3K12,1,4122.0
MAP3K7,1,4122.0
MAP6,1,4122.0
MAP7D1,1,4122.0
MAPK14,1,4122.0
MAPK8,1,4122.0
MAPKAPK2,1,4122.0
MARF1,1,4122.0
MARK4,1,4122.0
MARVELD2,1,4122.0
MASTL,1,4122.0
MAX,1,4122.0
MB21D2,1,4122.0
MBNL2,1,4122.0
MBNL3,1,4122.0
MBOAT1,1,4122.0
MBOAT4,1,4122.0
MBP,1,4122.0
MBTD1,1,4122.0
MAN2C1,1,4122.0
MAML2,1,4122.0
MC3R,1,4122.0
MAMDC2,1,4122.0
LRRD1,1,4122.0
LRRIQ3,1,4122.0
LRRN1,1,4122.0
LRRN2,1,4122.0
LRTOMT,1,4122.0
LSR,1,4122.0
LTA4H,1,4122.0
LUC7L2,1,4122.0
LUM,1,4122.0
LYN,1,4122.0
MAB21L2,1,4122.0
MACC1,1,4122.0
MAGEA10,1,4122.0
MAGEA12,1,4122.0
MAGEA6,1,4122.0
MAGEB1,1,4122.0
MAGEB10,1,4122.0
MAGEC1,1,4122.0
MAGIX,1,4122.0
MAJIN,1,4122.0
MAK,1,4122.0
MAL2,1,4122.0
MALT1,1,4122.0
MBTPS1,1,4122.0
MCAT,1,4122.0
KLHL4,1,4122.0
MEX3B,1,4122.0
MFN1,1,4122.0
MFSD2A,1,4122.0
MFSD6,1,4122.0
MGA,1,4122.0
MGAT3,1,4122.0
MGAT5,1,4122.0
MGAT5B,1,4122.0
MGRN1,1,4122.0
MICU3,1,4122.0
MIDN,1,4122.0
MIER2,1,4122.0
MILR1,1,4122.0
MINDY1,1,4122.0
MIR124-2,1,4122.0
MIR1305,1,4122.0
MIR181A1,1,4122.0
MIR216A,1,4122.0
MIR31,1,4122.0
MKL2,1,4122.0
MKX,1,4122.0
MMD2,1,4122.0
MMGT1,1,4122.0
MMP11,1,4122.0
MFAP1,1,4122.0
METTL25,1,4122.0
MCF2,1,4122.0
METTL16,1,4122.0
MCF2L,1,4122.0
MCM10,1,4122.0
MCM2,1,4122.0
MCM3AP,1,4122.0
MCM4,1,4122.0
MCM8,1,4122.0
MCOLN3,1,4122.0
MCPH1,1,4122.0
MCTP2,1,4122.0
MDGA1,1,4122.0
MDM2,1,4122.0
MDN1,1,4122.0
ME1,1,4122.0
MECOM,1,4122.0
MED26,1,4122.0
MEF2D,1,4122.0
MEGF10,1,4122.0
MEIS2,1,4122.0
MEOX2,1,4122.0
MEPCE,1,4122.0
MEPE,1,4122.0
METAP1,1,4122.0
METRNL,1,4122.0
LRRC8E,1,4122.0
LRRC8C,1,4122.0
LRRC52,1,4122.0
KRTAP4-1,1,4122.0
KRTAP4-5,1,4122.0
KRTAP4-7,1,4122.0
KRTAP5-11,1,4122.0
KRTAP6-2,1,4122.0
KRTAP9-3,1,4122.0
KRTAP9-8,1,4122.0
KSR2,1,4122.0
L1CAM,1,4122.0
LACTB,1,4122.0
LAIR1,1,4122.0
LAIR2,1,4122.0
LAMB1,1,4122.0
LAMB2,1,4122.0
LAMB4,1,4122.0
LAMC3,1,4122.0
LAMP3,1,4122.0
LARP1,1,4122.0
LARP6,1,4122.0
LAS1L,1,4122.0
LCAT,1,4122.0
LCE5A,1,4122.0
LDB3,1,4122.0
LDLRAD3,1,4122.0
KRTAP4-3,1,4122.0
KRTAP10-7,1,4122.0
LRRC41,1,4122.0
KRT85,1,4122.0
KLHL5,1,4122.0
KLK15,1,4122.0
KLRF2,1,4122.0
KLRK1,1,4122.0
KMT2A,1,4122.0
KMT5B,1,4122.0
KNTC1,1,4122.0
KPNA2,1,4122.0
KRIT1,1,4122.0
KRT13,1,4122.0
KRT14,1,4122.0
KRT17,1,4122.0
KRT20,1,4122.0
KRT32,1,4122.0
KRT33B,1,4122.0
KRT36,1,4122.0
KRT37,1,4122.0
KRT6A,1,4122.0
KRT6C,1,4122.0
KRT72,1,4122.0
KRT79,1,4122.0
KRT80,1,4122.0
KRT82,1,4122.0
LEFTY2,1,4122.0
LEMD1,1,4122.0
LENEP,1,4122.0
LETM1,1,4122.0
LMNTD2,1,4122.0
LMOD3,1,4122.0
LMX1B,1,4122.0
LONP2,1,4122.0
LONRF2,1,4122.0
LOXHD1,1,4122.0
LOXL2,1,4122.0
LPA,1,4122.0
LPAR6,1,4122.0
LPCAT1,1,4122.0
LPCAT3,1,4122.0
LPCAT4,1,4122.0
LPL,1,4122.0
LRAT,1,4122.0
LRCH2,1,4122.0
LRCH3,1,4122.0
LRFN1,1,4122.0
LRFN4,1,4122.0
LRP10,1,4122.0
LRRC14,1,4122.0
LRRC2,1,4122.0
LRRC24,1,4122.0
LRRC37A11P,1,4122.0
LMNTD1,1,4122.0
LMNA,1,4122.0
LMF1,1,4122.0
LINC00588,1,4122.0
LGALS12,1,4122.0
LGALS2,1,4122.0
LGALS9,1,4122.0
LGI4,1,4122.0
LHCGR,1,4122.0
LIFR,1,4122.0
LILRA1,1,4122.0
LIME1,1,4122.0
LINC00469,1,4122.0
LINC00487,1,4122.0
LINC00708,1,4122.0
LMAN1,1,4122.0
LINC00941,1,4122.0
LINC01104,1,4122.0
LINC01111,1,4122.0
LINC01192,1,4122.0
LINGO4,1,4122.0
LIPA,1,4122.0
LIPF,1,4122.0
LIPJ,1,4122.0
LIPN,1,4122.0
LLGL1,1,4122.0
ZZZ3,1,4122.0
